CODIGO_VENDA;DATA_VENDA;CODIGO_CLIENTE;CODIGO_VENDEDOR;CODIGO_LOJA;FORMA_PAGAMENTO;TIPO_PAGAMENTO;VALOR_FINAL
514;2023-01-02;514;11;3;1.0;A VISTA;946.5200000000001
780;2023-01-02;780;6;2;4.0;A VISTA;567.73
961;2023-01-02;961;20;1;2.0;A VISTA;713.9200000000001
668;2023-01-03;668;1;3;4.0;A VISTA;178.22
31;2023-01-04;31;34;3;2.0;A VISTA;32.629999999999995
610;2023-01-04;610;44;4;1.0;A VISTA;841.39
623;2023-01-04;623;6;3;3.0;A VISTA;795.86
654;2023-01-04;654;25;3;1.0;A VISTA;18.34
945;2023-01-04;945;40;1;2.0;A VISTA;348.48
500;2023-01-05;500;20;1;1.0;A VISTA;399.83
638;2023-01-05;638;11;1;4.0;A VISTA;529.98
45;2023-01-06;45;32;2;1.0;A VISTA;1127.28
87;2023-01-06;87;17;3;4.0;A VISTA;545.58
254;2023-01-06;254;48;2;2.0;A VISTA;135.71
473;2023-01-06;473;51;1;1.0;A VISTA;1034.69
720;2023-01-06;720;42;2;4.0;A VISTA;804.6500000000001
908;2023-01-06;908;12;1;3.0;A VISTA;158.94
954;2023-01-07;954;28;1;3.0;A VISTA;447.44
86;2023-01-08;86;38;4;3.0;A VISTA;34.309999999999995
205;2023-01-08;205;26;2;4.0;A VISTA;776.31
389;2023-01-08;389;33;1;1.0;A VISTA;430.11
803;2023-01-08;803;19;3;4.0;A VISTA;211.25
881;2023-01-08;881;27;4;3.0;A VISTA;504.22
896;2023-01-08;896;2;2;4.0;A VISTA;311.37
946;2023-01-08;946;33;3;3.0;A VISTA;1501.36
10;2023-01-09;10;11;1;3.0;A VISTA;386.1
72;2023-01-09;72;19;4;3.0;A VISTA;201.73
95;2023-01-09;95;46;1;2.0;A VISTA;181.6
489;2023-01-09;489;35;3;1.0;A VISTA;195.96
167;2023-01-10;167;24;1;2.0;A VISTA;692.02
311;2023-01-10;311;46;3;4.0;A VISTA;337.46
32;2023-01-11;32;9;3;2.0;A VISTA;222.10999999999999
406;2023-01-11;406;8;4;3.0;A VISTA;113.26
992;2023-01-11;992;32;4;4.0;A VISTA;323.44
344;2023-01-12;344;31;4;2.0;A VISTA;1062.1799999999998
558;2023-01-12;558;19;4;3.0;A VISTA;602.28
823;2023-01-12;823;45;1;4.0;A VISTA;160.42000000000002
876;2023-01-12;876;44;2;4.0;A VISTA;404.85
1;2023-01-13;1;16;4;3.0;A VISTA;436.87
273;2023-01-13;273;38;3;3.0;A VISTA;364.86
386;2023-01-13;386;24;4;1.0;A VISTA;838.0999999999999
465;2023-01-13;465;43;2;3.0;A VISTA;644.58
700;2023-01-13;700;44;3;4.0;A VISTA;164.45999999999998
927;2023-01-13;927;21;1;3.0;A VISTA;350.36
978;2023-01-13;978;36;4;1.0;A VISTA;617.5
25;2023-01-14;25;13;4;2.0;A VISTA;512.37
649;2023-01-14;649;16;4;4.0;A VISTA;1359.48
116;2023-01-15;116;38;2;3.0;A VISTA;585.35
270;2023-01-15;270;32;2;3.0;A VISTA;221.01999999999998
632;2023-01-16;632;3;3;1.0;A VISTA;771.67
973;2023-01-16;973;5;4;1.0;A VISTA;353.34000000000003
811;2023-01-17;811;2;2;3.0;A VISTA;427.18
664;2023-01-18;664;18;3;4.0;A VISTA;659.78
942;2023-01-18;942;45;1;1.0;A VISTA;717.8900000000001
123;2023-01-19;123;27;4;1.0;A VISTA;129.45
122;2023-01-20;122;25;2;1.0;A VISTA;140.95999999999998
505;2023-01-20;505;4;1;1.0;A VISTA;65.35
553;2023-01-20;553;34;3;2.0;A VISTA;1485.01
831;2023-01-20;831;20;1;3.0;A VISTA;1083.18
996;2023-01-20;996;13;4;1.0;A VISTA;477.45
84;2023-01-21;84;36;1;2.0;A VISTA;216.16
292;2023-01-21;292;41;2;1.0;A VISTA;251.70999999999998
404;2023-01-21;404;39;3;3.0;A VISTA;39.58
493;2023-01-21;493;2;2;3.0;A VISTA;484.74
781;2023-01-21;781;5;2;1.0;A VISTA;720.0799999999999
817;2023-01-21;817;46;4;3.0;A VISTA;321.73
147;2023-01-22;147;32;3;1.0;A VISTA;646.48
674;2023-01-22;674;29;2;4.0;A VISTA;263.96
711;2023-01-22;711;7;4;2.0;A VISTA;1672.8999999999999
899;2023-01-22;899;8;2;2.0;A VISTA;96.16000000000001
276;2023-01-23;276;1;4;4.0;A VISTA;316.11
486;2023-01-23;486;25;4;4.0;A VISTA;172.45000000000002
830;2023-01-23;830;41;3;2.0;A VISTA;476.54
251;2023-01-25;251;35;1;1.0;A VISTA;594.86
490;2023-01-25;490;10;1;1.0;A VISTA;1080.75
59;2023-01-26;59;3;3;3.0;A VISTA;974.1200000000001
230;2023-01-26;230;7;3;2.0;A VISTA;127.43
508;2023-01-26;508;9;3;2.0;A VISTA;76.64
11;2023-01-27;11;25;2;4.0;A VISTA;607.32
261;2023-01-27;261;35;3;1.0;A VISTA;45.019999999999996
366;2023-01-27;366;38;3;3.0;A VISTA;696.86
697;2023-01-27;697;10;2;3.0;A VISTA;595.71
771;2023-01-27;771;11;2;1.0;A VISTA;314.59999999999997
627;2023-01-28;627;27;1;4.0;A VISTA;69.0
798;2023-01-28;798;5;3;1.0;A VISTA;747.3900000000001
842;2023-01-28;842;7;4;3.0;A VISTA;40.989999999999995
870;2023-01-28;870;46;2;4.0;A VISTA;49.17
159;2023-01-29;159;42;1;3.0;A VISTA;1103.32
247;2023-01-29;247;18;1;2.0;A VISTA;275.32
421;2023-01-29;421;42;1;2.0;A VISTA;144.78
777;2023-01-29;777;27;4;2.0;A VISTA;874.5699999999999
799;2023-01-29;799;12;3;2.0;A VISTA;1135.76
398;2023-01-30;398;11;1;4.0;A VISTA;423.78
742;2023-01-30;742;35;3;1.0;A VISTA;609.71
753;2023-01-30;753;19;1;2.0;A VISTA;769.2499999999999
66;2023-01-31;66;27;4;2.0;A VISTA;1070.01
119;2023-02-01;119;41;3;4.0;A VISTA;257.61
219;2023-02-01;219;2;1;4.0;A VISTA;528.1
298;2023-02-01;298;38;1;1.0;A VISTA;837.05
373;2023-02-02;373;51;1;4.0;A VISTA;1088.5
82;2023-02-03;82;41;1;4.0;A VISTA;566.86
287;2023-02-03;287;47;1;2.0;A VISTA;1092.92
852;2023-02-03;852;15;4;2.0;A VISTA;1130.0900000000001
153;2023-02-04;153;16;2;2.0;A VISTA;314.03
156;2023-02-04;156;41;2;1.0;A VISTA;565.9499999999999
329;2023-02-04;329;31;2;1.0;A VISTA;308.55
161;2023-02-05;161;49;1;2.0;A VISTA;381.46
695;2023-02-05;695;38;2;2.0;A VISTA;750.7700000000001
673;2023-02-06;673;27;1;1.0;A VISTA;55.17
740;2023-02-06;740;10;4;3.0;A VISTA;535.86
789;2023-02-06;789;38;4;1.0;A VISTA;575.58
274;2023-02-07;274;30;4;3.0;A VISTA;302.43
299;2023-02-07;299;25;2;4.0;A VISTA;598.36
895;2023-02-07;895;38;3;1.0;A VISTA;264.77
213;2023-02-08;213;50;1;2.0;A VISTA;240.31
977;2023-02-08;977;2;1;2.0;A VISTA;428.6
46;2023-02-09;46;38;2;2.0;A VISTA;685.71
456;2023-02-09;456;19;4;3.0;A VISTA;119.58
728;2023-02-09;728;27;3;2.0;A VISTA;222.6
149;2023-02-10;149;36;2;1.0;A VISTA;161.51
538;2023-02-10;538;1;4;1.0;A VISTA;965.71
179;2023-02-11;179;8;4;2.0;A VISTA;356.13
651;2023-02-11;651;4;1;2.0;A VISTA;36.91
953;2023-02-11;953;38;3;1.0;A VISTA;160.59
171;2023-02-12;171;8;4;3.0;A VISTA;683.22
418;2023-02-12;418;41;4;4.0;A VISTA;42.230000000000004
150;2023-02-13;150;7;4;3.0;A VISTA;18.740000000000002
191;2023-02-13;191;32;3;1.0;A VISTA;88.49000000000001
206;2023-02-13;206;23;1;1.0;A VISTA;106.74
444;2023-02-13;444;7;3;2.0;A VISTA;897.92
552;2023-02-13;552;26;1;2.0;A VISTA;219.51
572;2023-02-13;572;7;4;2.0;A VISTA;452.91999999999996
979;2023-02-13;979;15;3;2.0;A VISTA;1088.27
743;2023-02-14;743;35;2;1.0;A VISTA;728.88
160;2023-02-15;160;18;1;1.0;A VISTA;940.81
277;2023-02-15;277;10;3;4.0;A VISTA;1117.9
428;2023-02-15;428;22;1;4.0;A VISTA;471.87
94;2023-02-16;94;7;4;1.0;A VISTA;126.35999999999999
871;2023-02-16;871;37;3;3.0;A VISTA;807.3599999999999
975;2023-02-16;975;29;1;1.0;A VISTA;360.4
372;2023-02-17;372;10;1;3.0;A VISTA;2176.17
730;2023-02-17;730;25;4;4.0;A VISTA;853.6299999999999
53;2023-02-19;53;36;1;2.0;A VISTA;457.73
297;2023-02-19;297;36;1;4.0;A VISTA;704.7399999999999
633;2023-02-19;633;50;3;1.0;A VISTA;605.35
117;2023-02-20;117;29;2;3.0;A VISTA;14.219999999999999
318;2023-02-20;318;22;1;2.0;A VISTA;321.52
523;2023-02-20;523;15;2;1.0;A VISTA;1095.36
427;2023-02-21;427;3;3;2.0;A VISTA;35.93
436;2023-02-21;436;20;2;4.0;A VISTA;301.3
662;2023-02-21;662;11;2;1.0;A VISTA;450.45000000000005
296;2023-02-22;296;49;4;2.0;A VISTA;146.42
565;2023-02-22;565;13;1;2.0;A VISTA;250.26999999999998
658;2023-02-22;658;18;2;3.0;A VISTA;1263.7800000000002
41;2023-02-23;41;8;3;2.0;A VISTA;132.49
586;2023-02-23;586;13;2;3.0;A VISTA;247.09
779;2023-02-23;779;40;2;4.0;A VISTA;867.11
959;2023-02-23;959;28;1;2.0;A VISTA;208.19
685;2023-02-24;685;3;4;3.0;A VISTA;324.7
741;2023-02-24;741;45;2;1.0;A VISTA;409.06000000000006
755;2023-02-24;755;27;2;4.0;A VISTA;401.87
998;2023-02-24;998;9;1;2.0;A VISTA;513.05
132;2023-02-25;132;45;1;2.0;A VISTA;824.89
187;2023-02-25;187;21;3;2.0;A VISTA;889.54
379;2023-02-25;379;10;4;4.0;A VISTA;459.40000000000003
468;2023-02-25;468;17;4;3.0;A VISTA;193.93
507;2023-02-25;507;46;3;3.0;A VISTA;190.16000000000003
542;2023-02-25;542;5;1;2.0;A VISTA;45.2
824;2023-02-25;824;23;1;1.0;A VISTA;100.02
137;2023-02-26;137;18;3;3.0;A VISTA;923.6800000000001
348;2023-02-26;348;24;1;3.0;A VISTA;79.21000000000001
417;2023-02-26;417;51;3;4.0;A VISTA;251.16000000000003
815;2023-02-26;815;18;2;3.0;A VISTA;194.53
24;2023-02-27;24;8;3;4.0;A VISTA;444.85999999999996
980;2023-02-27;980;48;3;1.0;A VISTA;441.38
301;2023-02-28;301;14;2;2.0;A VISTA;486.3299999999999
337;2023-02-28;337;21;3;4.0;A VISTA;249.73000000000002
522;2023-02-28;522;46;1;3.0;A VISTA;195.72
604;2023-02-28;604;23;4;3.0;A VISTA;215.67000000000002
827;2023-02-28;827;41;1;2.0;A VISTA;67.55
177;2023-03-01;177;42;4;1.0;A VISTA;614.4599999999999
459;2023-03-01;459;12;1;4.0;A VISTA;456.78
684;2023-03-01;684;48;2;4.0;A VISTA;389.21000000000004
851;2023-03-01;851;18;2;1.0;A VISTA;494.87
13;2023-03-02;13;27;4;1.0;A VISTA;605.75
210;2023-03-02;210;10;4;1.0;A VISTA;142.28
336;2023-03-02;336;42;2;2.0;A VISTA;541.91
844;2023-03-02;844;35;4;2.0;A VISTA;75.76
991;2023-03-02;991;19;2;2.0;A VISTA;659.41
307;2023-03-03;307;40;4;3.0;A VISTA;353.08000000000004
485;2023-03-03;485;32;1;1.0;A VISTA;269.65
612;2023-03-03;612;50;3;3.0;A VISTA;70.19
471;2023-03-04;471;45;4;2.0;A VISTA;497.38000000000005
480;2023-03-04;480;35;2;4.0;A VISTA;480.24
709;2023-03-04;709;23;3;1.0;A VISTA;274.47999999999996
33;2023-03-05;33;39;3;1.0;A VISTA;120.47
188;2023-03-05;188;6;1;3.0;A VISTA;650.51
234;2023-03-05;234;1;1;2.0;A VISTA;626.2199999999999
491;2023-03-05;491;7;3;4.0;A VISTA;829.79
166;2023-03-06;166;26;3;2.0;A VISTA;408.14
682;2023-03-06;682;43;3;4.0;A VISTA;342.38
802;2023-03-06;802;12;4;3.0;A VISTA;1461.7499999999998
837;2023-03-06;837;10;2;1.0;A VISTA;222.35
600;2023-03-07;600;4;4;3.0;A VISTA;931.95
44;2023-03-08;44;22;1;4.0;A VISTA;515.07
669;2023-03-08;669;12;1;1.0;A VISTA;1679.0900000000001
725;2023-03-08;725;22;3;4.0;A VISTA;1414.3899999999999
8;2023-03-09;8;26;4;2.0;A VISTA;177.26
496;2023-03-09;496;37;4;1.0;A VISTA;544.04
614;2023-03-09;614;46;4;3.0;A VISTA;163.20000000000002
625;2023-03-09;625;24;3;4.0;A VISTA;241.28000000000003
860;2023-03-09;860;33;4;2.0;A VISTA;641.37
249;2023-03-10;249;24;4;2.0;A VISTA;366.21
1000;2023-03-10;1000;42;3;2.0;A VISTA;300.3
70;2023-03-12;70;22;4;2.0;A VISTA;428.69
71;2023-03-12;71;30;1;1.0;A VISTA;428.80000000000007
202;2023-03-12;202;13;2;3.0;A VISTA;931.52
310;2023-03-12;310;10;1;4.0;A VISTA;597.4499999999999
411;2023-03-12;411;4;4;3.0;A VISTA;82.62
455;2023-03-12;455;10;3;1.0;A VISTA;86.19
707;2023-03-13;707;33;4;2.0;A VISTA;280.85
758;2023-03-14;758;19;3;3.0;A VISTA;139.57
800;2023-03-14;800;40;4;1.0;A VISTA;967.3299999999999
855;2023-03-14;855;17;3;1.0;A VISTA;650.61
949;2023-03-14;949;7;3;1.0;A VISTA;280.78000000000003
134;2023-03-15;134;38;3;3.0;A VISTA;51.91
146;2023-03-15;146;33;2;2.0;A VISTA;998.3599999999999
211;2023-03-15;211;45;4;1.0;A VISTA;597.42
295;2023-03-15;295;29;3;1.0;A VISTA;143.22
808;2023-03-15;808;36;1;2.0;A VISTA;1035.02
841;2023-03-15;841;45;3;2.0;A VISTA;863.16
919;2023-03-15;919;33;3;3.0;A VISTA;215.3
165;2023-03-16;165;11;3;4.0;A VISTA;474.89
714;2023-03-16;714;19;2;2.0;A VISTA;677.48
785;2023-03-16;785;19;2;1.0;A VISTA;230.34
332;2023-03-17;332;47;2;2.0;A VISTA;154.45
430;2023-03-17;430;43;3;4.0;A VISTA;429.85
546;2023-03-17;546;45;2;4.0;A VISTA;113.69
679;2023-03-17;679;30;3;3.0;A VISTA;665.76
751;2023-03-17;751;45;4;1.0;A VISTA;634.87
196;2023-03-18;196;20;3;3.0;A VISTA;555.61
734;2023-03-18;734;4;2;3.0;A VISTA;657.28
255;2023-03-19;255;30;1;1.0;A VISTA;251.65000000000003
447;2023-03-19;447;35;4;1.0;A VISTA;419.29
791;2023-03-20;791;41;4;4.0;A VISTA;560.9300000000001
805;2023-03-20;805;30;4;1.0;A VISTA;341.08
23;2023-03-21;23;9;3;1.0;A VISTA;124.41
502;2023-03-21;502;18;2;2.0;A VISTA;964.2399999999999
124;2023-03-22;124;9;3;3.0;A VISTA;465.96000000000004
784;2023-03-22;784;21;4;1.0;A VISTA;627.97
114;2023-03-23;114;34;1;2.0;A VISTA;2333.17
312;2023-03-23;312;28;4;1.0;A VISTA;381.49
358;2023-03-23;358;28;4;4.0;A VISTA;72.08
853;2023-03-24;853;41;1;4.0;A VISTA;316.90000000000003
655;2023-03-25;655;46;2;2.0;A VISTA;486.96
891;2023-03-25;891;36;2;2.0;A VISTA;122.21000000000001
240;2023-03-26;240;33;4;3.0;A VISTA;266.81
481;2023-03-26;481;3;2;4.0;A VISTA;653.9100000000001
603;2023-03-26;603;50;1;1.0;A VISTA;844.7
118;2023-03-27;118;3;1;4.0;A VISTA;594.7099999999999
183;2023-03-27;183;8;3;3.0;A VISTA;515.0200000000001
813;2023-03-27;813;4;4;3.0;A VISTA;653.45
100;2023-03-28;100;4;1;2.0;A VISTA;849.9000000000002
246;2023-03-28;246;51;4;4.0;A VISTA;85.42999999999999
363;2023-03-28;363;41;2;1.0;A VISTA;854.0100000000001
442;2023-03-28;442;40;2;4.0;A VISTA;114.17
713;2023-03-28;713;21;4;1.0;A VISTA;848.15
987;2023-03-28;987;39;4;3.0;A VISTA;421.18000000000006
527;2023-03-29;527;18;1;2.0;A VISTA;461.16999999999996
580;2023-03-29;580;20;1;3.0;A VISTA;98.48
615;2023-03-29;615;21;4;4.0;A VISTA;88.94000000000001
51;2023-03-30;51;25;1;4.0;A VISTA;65.58000000000001
145;2023-03-30;145;31;3;1.0;A VISTA;482.96
148;2023-03-30;148;16;2;2.0;A VISTA;260.02
208;2023-03-30;208;44;3;1.0;A VISTA;547.29
380;2023-03-30;380;43;3;4.0;A VISTA;1060.82
482;2023-03-30;482;12;4;4.0;A VISTA;187.04000000000002
794;2023-03-30;794;46;1;1.0;A VISTA;270.58
26;2023-03-31;26;39;3;4.0;A VISTA;231.42000000000002
283;2023-03-31;283;4;1;1.0;A VISTA;65.17
717;2023-03-31;717;1;1;3.0;A VISTA;1082.58
143;2023-04-01;143;25;2;2.0;A VISTA;111.96
559;2023-04-01;559;48;3;3.0;A VISTA;341.69000000000005
715;2023-04-01;715;27;2;2.0;A VISTA;228.05000000000004
806;2023-04-01;806;27;2;2.0;A VISTA;362.32
850;2023-04-01;850;23;4;4.0;A VISTA;1069.82
321;2023-04-02;321;32;1;3.0;A VISTA;111.35
675;2023-04-02;675;9;1;2.0;A VISTA;907.7
776;2023-04-02;776;40;1;1.0;A VISTA;87.57
135;2023-04-03;135;50;2;4.0;A VISTA;350.72
432;2023-04-03;432;44;1;1.0;A VISTA;385.94
921;2023-04-03;921;25;2;4.0;A VISTA;365.45
304;2023-04-04;304;48;2;3.0;A VISTA;719.79
463;2023-04-04;463;46;4;4.0;A VISTA;2033.38
924;2023-04-04;924;42;3;1.0;A VISTA;340.32
201;2023-04-05;201;22;1;3.0;A VISTA;299.48999999999995
294;2023-04-05;294;27;2;3.0;A VISTA;505.02
342;2023-04-05;342;1;2;1.0;A VISTA;799.9200000000001
364;2023-04-05;364;23;2;4.0;A VISTA;299.5
476;2023-04-05;476;29;3;2.0;A VISTA;1108.72
737;2023-04-05;737;16;2;2.0;A VISTA;183.32
220;2023-04-06;220;39;4;1.0;A VISTA;797.4399999999999
936;2023-04-06;936;48;2;4.0;A VISTA;671.77
985;2023-04-06;985;3;4;1.0;A VISTA;241.31
291;2023-04-07;291;30;3;3.0;A VISTA;855.97
381;2023-04-07;381;3;3;3.0;A VISTA;1094.02
401;2023-04-07;401;28;1;1.0;A VISTA;34.62
702;2023-04-07;702;27;3;4.0;A VISTA;561.26
913;2023-04-07;913;24;4;4.0;A VISTA;690.34
102;2023-04-08;102;39;4;4.0;A VISTA;284.1
264;2023-04-08;264;8;3;1.0;A VISTA;251.93
518;2023-04-08;518;9;1;2.0;A VISTA;508.83
589;2023-04-08;589;43;4;4.0;A VISTA;66.83
641;2023-04-08;641;31;1;2.0;A VISTA;819.26
293;2023-04-09;293;18;3;3.0;A VISTA;497.91999999999996
769;2023-04-09;769;51;1;4.0;A VISTA;1133.3999999999999
838;2023-04-09;838;15;3;2.0;A VISTA;651.48
951;2023-04-09;951;1;4;1.0;A VISTA;809.43
974;2023-04-09;974;13;1;3.0;A VISTA;1256.5
30;2023-04-10;30;3;2;1.0;A VISTA;587.21
61;2023-04-10;61;46;2;3.0;A VISTA;600.4200000000001
288;2023-04-10;288;36;2;2.0;A VISTA;1398.46
560;2023-04-10;560;3;4;1.0;A VISTA;141.2
722;2023-04-10;722;10;2;3.0;A VISTA;414.76
797;2023-04-10;797;50;1;4.0;A VISTA;623.72
204;2023-04-11;204;41;3;3.0;A VISTA;353.43
243;2023-04-11;243;11;2;1.0;A VISTA;512.75
577;2023-04-11;577;23;2;1.0;A VISTA;897.5899999999999
588;2023-04-11;588;33;1;1.0;A VISTA;77.89
35;2023-04-12;35;34;2;2.0;A VISTA;958.77
323;2023-04-12;323;26;4;2.0;A VISTA;63.46
773;2023-04-12;773;51;2;1.0;A VISTA;422.72
216;2023-04-13;216;25;2;2.0;A VISTA;495.02
262;2023-04-13;262;14;1;2.0;A VISTA;517.89
382;2023-04-13;382;42;2;3.0;A VISTA;103.96
738;2023-04-13;738;1;4;4.0;A VISTA;235.56
786;2023-04-13;786;34;3;1.0;A VISTA;840.12
869;2023-04-13;869;32;3;2.0;A VISTA;465.28999999999996
916;2023-04-13;916;39;2;1.0;A VISTA;1306.24
938;2023-04-13;938;41;3;2.0;A VISTA;48.43000000000001
982;2023-04-13;982;23;4;2.0;A VISTA;78.8
423;2023-04-14;423;21;4;2.0;A VISTA;466.92
536;2023-04-14;536;27;3;4.0;A VISTA;88.1
857;2023-04-14;857;30;2;3.0;A VISTA;796.55
357;2023-04-15;357;48;4;4.0;A VISTA;282.28
672;2023-04-15;672;38;3;4.0;A VISTA;1318.77
912;2023-04-15;912;17;1;4.0;A VISTA;67.03999999999999
157;2023-04-16;157;30;4;2.0;A VISTA;422.71999999999997
227;2023-04-16;227;26;2;4.0;A VISTA;450.06999999999994
228;2023-04-16;228;1;3;1.0;A VISTA;339.18
231;2023-04-16;231;29;2;4.0;A VISTA;137.09000000000003
282;2023-04-16;282;39;1;2.0;A VISTA;2032.8899999999999
284;2023-04-16;284;6;2;2.0;A VISTA;1602.65
360;2023-04-16;360;37;4;2.0;A VISTA;174.51
531;2023-04-16;531;12;1;2.0;A VISTA;281.16999999999996
138;2023-04-17;138;41;3;4.0;A VISTA;90.45
624;2023-04-17;624;46;1;3.0;A VISTA;262.55999999999995
690;2023-04-17;690;51;4;4.0;A VISTA;579.26
940;2023-04-17;940;27;1;3.0;A VISTA;562.8000000000001
203;2023-04-18;203;44;3;2.0;A VISTA;263.78999999999996
244;2023-04-18;244;40;1;1.0;A VISTA;779.36
660;2023-04-18;660;24;2;1.0;A VISTA;1473.96
792;2023-04-18;792;37;2;3.0;A VISTA;170.81
85;2023-04-19;85;6;3;4.0;A VISTA;488.71999999999997
305;2023-04-19;305;8;4;4.0;A VISTA;358.07000000000005
168;2023-04-20;168;25;1;3.0;A VISTA;150.34
238;2023-04-20;238;33;2;3.0;A VISTA;269.99
309;2023-04-21;309;34;2;3.0;A VISTA;550.11
395;2023-04-21;395;20;4;1.0;A VISTA;592.01
501;2023-04-21;501;34;3;4.0;A VISTA;360.22
520;2023-04-21;520;10;4;1.0;A VISTA;1014.95
108;2023-04-22;108;25;4;3.0;A VISTA;716.8100000000001
703;2023-04-22;703;45;3;3.0;A VISTA;460.15999999999997
58;2023-04-23;58;8;4;4.0;A VISTA;447.69
140;2023-04-23;140;9;3;1.0;A VISTA;849.47
237;2023-04-23;237;6;4;3.0;A VISTA;279.0
371;2023-04-23;371;13;3;2.0;A VISTA;195.83
43;2023-04-24;43;10;2;2.0;A VISTA;401.7
62;2023-04-24;62;14;1;4.0;A VISTA;131.83
956;2023-04-24;956;8;1;4.0;A VISTA;71.48
12;2023-04-25;12;38;3;1.0;A VISTA;560.78
127;2023-04-25;127;35;4;4.0;A VISTA;733.63
185;2023-04-25;185;5;1;1.0;A VISTA;42.71
999;2023-04-25;999;44;1;3.0;A VISTA;348.71999999999997
198;2023-04-26;198;49;1;1.0;A VISTA;924.8599999999999
414;2023-04-26;414;26;3;2.0;A VISTA;157.15
429;2023-04-26;429;2;3;2.0;A VISTA;505.35
499;2023-04-26;499;39;3;4.0;A VISTA;86.93
582;2023-04-26;582;50;1;4.0;A VISTA;396.5
584;2023-04-26;584;20;2;3.0;A VISTA;303.8
665;2023-04-26;665;20;4;1.0;A VISTA;384.52
169;2023-04-27;169;27;1;3.0;A VISTA;530.52
445;2023-04-27;445;29;2;3.0;A VISTA;36.900000000000006
957;2023-04-27;957;47;3;4.0;A VISTA;447.88
110;2023-04-28;110;43;3;2.0;A VISTA;1252.9900000000002
439;2023-04-28;439;40;1;2.0;A VISTA;66.9
609;2023-04-28;609;49;4;4.0;A VISTA;363.28
820;2023-04-29;820;4;4;2.0;A VISTA;53.72
859;2023-04-29;859;30;4;1.0;A VISTA;93.21000000000001
181;2023-04-30;181;13;4;3.0;A VISTA;1394.1100000000001
317;2023-04-30;317;31;4;1.0;A VISTA;1086.9299999999998
349;2023-04-30;349;34;2;3.0;A VISTA;617.67
365;2023-04-30;365;26;2;3.0;A VISTA;592.24
391;2023-04-30;391;50;4;3.0;A VISTA;337.28
399;2023-04-30;399;32;3;1.0;A VISTA;247.34
534;2023-04-30;534;31;1;4.0;A VISTA;693.17
710;2023-04-30;710;28;3;1.0;A VISTA;271.23
727;2023-04-30;727;14;1;3.0;A VISTA;583.77
875;2023-04-30;875;6;1;1.0;A VISTA;121.13
914;2023-04-30;914;35;2;3.0;A VISTA;81.9
962;2023-04-30;962;23;3;1.0;A VISTA;568.4200000000001
233;2023-05-01;233;4;2;4.0;A VISTA;346.52
861;2023-05-01;861;24;2;4.0;A VISTA;1334.97
189;2023-05-02;189;6;2;1.0;A VISTA;216.02
14;2023-05-03;14;29;2;2.0;A VISTA;165.97
129;2023-05-03;129;42;3;4.0;A VISTA;55.949999999999996
504;2023-05-03;504;17;3;2.0;A VISTA;723.63
597;2023-05-03;597;25;2;3.0;A VISTA;791.73
694;2023-05-03;694;15;1;4.0;A VISTA;371.10999999999996
868;2023-05-03;868;21;3;2.0;A VISTA;257.54
54;2023-05-04;54;19;1;4.0;A VISTA;907.38
385;2023-05-04;385;13;4;1.0;A VISTA;1068.27
719;2023-05-04;719;40;2;3.0;A VISTA;357.26
749;2023-05-04;749;13;3;1.0;A VISTA;316.3
378;2023-05-05;378;22;3;2.0;A VISTA;693.9200000000001
933;2023-05-05;933;24;4;4.0;A VISTA;455.35999999999996
144;2023-05-06;144;15;3;2.0;A VISTA;468.86
383;2023-05-06;383;9;1;4.0;A VISTA;35.23
680;2023-05-06;680;3;2;3.0;A VISTA;677.1800000000001
759;2023-05-06;759;46;2;3.0;A VISTA;839.53
929;2023-05-06;929;49;2;3.0;A VISTA;905.44
88;2023-05-07;88;6;3;2.0;A VISTA;855.0600000000001
192;2023-05-07;192;33;4;2.0;A VISTA;217.76999999999998
260;2023-05-07;260;49;3;2.0;A VISTA;64.56
375;2023-05-07;375;34;3;4.0;A VISTA;289.9
752;2023-05-07;752;47;3;1.0;A VISTA;700.91
858;2023-05-07;858;12;4;2.0;A VISTA;540.94
884;2023-05-07;884;30;4;2.0;A VISTA;724.47
923;2023-05-07;923;5;4;3.0;A VISTA;275.46000000000004
99;2023-05-08;99;44;3;4.0;A VISTA;1449.3600000000001
635;2023-05-08;635;26;3;1.0;A VISTA;941.64
718;2023-05-08;718;23;4;3.0;A VISTA;59.8
83;2023-05-09;83;48;4;4.0;A VISTA;689.77
413;2023-05-09;413;9;4;1.0;A VISTA;80.25
467;2023-05-09;467;11;2;1.0;A VISTA;115.72
5;2023-05-10;5;38;1;2.0;A VISTA;103.78
15;2023-05-10;15;48;3;4.0;A VISTA;34.56
68;2023-05-10;68;19;4;3.0;A VISTA;1771.98
688;2023-05-10;688;35;2;1.0;A VISTA;609.01
833;2023-05-10;833;38;3;1.0;A VISTA;67.09
880;2023-05-10;880;18;3;2.0;A VISTA;216.0
930;2023-05-10;930;38;2;1.0;A VISTA;313.11
65;2023-05-11;65;47;1;4.0;A VISTA;1417.54
535;2023-05-11;535;51;1;1.0;A VISTA;1822.3400000000001
605;2023-05-11;605;23;2;3.0;A VISTA;1070.17
835;2023-05-11;835;41;3;1.0;A VISTA;88.15
873;2023-05-11;873;51;1;4.0;A VISTA;76.11
969;2023-05-11;969;31;4;4.0;A VISTA;86.72999999999999
809;2023-05-12;809;49;3;2.0;A VISTA;433.59
984;2023-05-12;984;22;2;1.0;A VISTA;1612.78
42;2023-05-13;42;40;3;1.0;A VISTA;322.61
217;2023-05-13;217;13;1;3.0;A VISTA;132.01999999999998
376;2023-05-13;376;21;1;1.0;A VISTA;526.6899999999999
583;2023-05-13;583;28;3;1.0;A VISTA;522.6800000000001
972;2023-05-13;972;51;3;2.0;A VISTA;550.0600000000001
141;2023-05-14;141;46;1;1.0;A VISTA;920.06
849;2023-05-14;849;22;4;3.0;A VISTA;415.71
478;2023-05-15;478;19;2;4.0;A VISTA;396.44999999999993
760;2023-05-15;760;49;4;3.0;A VISTA;392.5
331;2023-05-16;331;50;1;4.0;A VISTA;316.96999999999997
354;2023-05-16;354;7;2;1.0;A VISTA;987.57
885;2023-05-16;885;39;3;4.0;A VISTA;1210.18
362;2023-05-17;362;34;1;4.0;A VISTA;76.67
939;2023-05-17;939;17;4;2.0;A VISTA;173.96
111;2023-05-18;111;9;1;4.0;A VISTA;914.98
570;2023-05-18;570;34;1;3.0;A VISTA;221.42999999999998
948;2023-05-18;948;18;4;1.0;A VISTA;607.19
112;2023-05-19;112;19;1;4.0;A VISTA;342.03999999999996
182;2023-05-19;182;4;1;2.0;A VISTA;835.8499999999999
513;2023-05-19;513;17;3;1.0;A VISTA;181.93
670;2023-05-20;670;46;4;1.0;A VISTA;613.82
541;2023-05-21;541;24;1;4.0;A VISTA;741.6500000000001
21;2023-05-22;21;15;2;1.0;A VISTA;268.78
874;2023-05-22;874;20;3;4.0;A VISTA;175.75
958;2023-05-22;958;5;3;4.0;A VISTA;1199.72
335;2023-05-24;335;19;1;2.0;A VISTA;50.989999999999995
613;2023-05-24;613;19;3;3.0;A VISTA;729.03
637;2023-05-24;637;43;4;3.0;A VISTA;359.94
810;2023-05-25;810;15;1;4.0;A VISTA;1088.98
464;2023-05-26;464;4;4;3.0;A VISTA;82.99
628;2023-05-26;628;7;2;3.0;A VISTA;798.72
816;2023-05-26;816;14;2;1.0;A VISTA;713.62
175;2023-05-27;175;20;1;4.0;A VISTA;758.79
235;2023-05-27;235;47;2;4.0;A VISTA;479.12999999999994
704;2023-05-27;704;30;1;3.0;A VISTA;96.84
691;2023-05-28;691;4;3;3.0;A VISTA;119.22
48;2023-05-29;48;39;4;2.0;A VISTA;72.82
120;2023-05-29;120;27;3;1.0;A VISTA;1302.6
407;2023-05-29;407;9;4;4.0;A VISTA;1157.8400000000001
446;2023-05-29;446;39;3;3.0;A VISTA;263.61
549;2023-05-29;549;47;1;3.0;A VISTA;442.17
326;2023-05-30;326;30;4;4.0;A VISTA;49.379999999999995
392;2023-05-30;392;11;4;1.0;A VISTA;581.3199999999999
422;2023-05-30;422;9;1;2.0;A VISTA;644.37
77;2023-05-31;77;38;3;4.0;A VISTA;816.31
440;2023-05-31;440;20;1;2.0;A VISTA;800.3299999999999
783;2023-05-31;783;4;2;3.0;A VISTA;434.46999999999997
826;2023-05-31;826;45;4;3.0;A VISTA;1524.11
563;2023-06-01;563;36;2;4.0;A VISTA;925.59
677;2023-06-01;677;51;2;3.0;A VISTA;875.7299999999999
209;2023-06-02;209;30;3;4.0;A VISTA;25.67
340;2023-06-02;340;29;1;2.0;A VISTA;644.02
510;2023-06-02;510;32;3;1.0;A VISTA;375.12999999999994
671;2023-06-02;671;1;1;2.0;A VISTA;918.8699999999999
892;2023-06-02;892;35;4;1.0;A VISTA;333.76
109;2023-06-03;109;19;1;2.0;A VISTA;177.73
263;2023-06-03;263;7;1;2.0;A VISTA;770.07
457;2023-06-03;457;50;4;1.0;A VISTA;1474.98
888;2023-06-03;888;27;3;3.0;A VISTA;108.42999999999999
346;2023-06-04;346;14;1;2.0;A VISTA;724.4399999999999
487;2023-06-04;487;3;2;1.0;A VISTA;1121.49
616;2023-06-04;616;8;1;3.0;A VISTA;1317.25
907;2023-06-04;907;33;1;3.0;A VISTA;601.1800000000001
451;2023-06-05;451;11;4;3.0;A VISTA;380.83
723;2023-06-05;723;8;2;4.0;A VISTA;1900.09
839;2023-06-05;839;29;1;3.0;A VISTA;32.82
347;2023-06-06;347;22;4;2.0;A VISTA;325.37
50;2023-06-07;50;31;3;1.0;A VISTA;163.62999999999997
608;2023-06-07;608;20;3;2.0;A VISTA;68.27
659;2023-06-07;659;45;2;3.0;A VISTA;266.07
754;2023-06-07;754;26;4;4.0;A VISTA;1493.65
4;2023-06-08;4;29;2;3.0;A VISTA;497.12
16;2023-06-08;16;22;1;2.0;A VISTA;562.13
370;2023-06-08;370;44;2;4.0;A VISTA;427.81
687;2023-06-08;687;48;3;1.0;A VISTA;469.21
845;2023-06-08;845;20;3;2.0;A VISTA;102.27
656;2023-06-09;656;8;2;2.0;A VISTA;142.92
667;2023-06-09;667;48;3;2.0;A VISTA;377.68
960;2023-06-09;960;48;1;2.0;A VISTA;169.93
115;2023-06-10;115;45;1;3.0;A VISTA;713.14
661;2023-06-10;661;9;4;4.0;A VISTA;534.62
22;2023-06-11;22;26;3;1.0;A VISTA;1513.1599999999999
333;2023-06-11;333;48;4;1.0;A VISTA;534.73
36;2023-06-12;36;25;4;1.0;A VISTA;1279.46
642;2023-06-12;642;49;2;4.0;A VISTA;368.24
941;2023-06-12;941;32;4;3.0;A VISTA;218.09999999999997
701;2023-06-13;701;18;3;4.0;A VISTA;816.31
313;2023-06-14;313;44;2;1.0;A VISTA;608.65
533;2023-06-14;533;46;2;2.0;A VISTA;909.74
573;2023-06-14;573;38;4;4.0;A VISTA;68.85
152;2023-06-15;152;9;4;1.0;A VISTA;420.58
252;2023-06-15;252;31;1;4.0;A VISTA;1243.3200000000002
387;2023-06-15;387;13;4;3.0;A VISTA;824.61
764;2023-06-15;764;43;4;4.0;A VISTA;325.71
882;2023-06-15;882;41;4;3.0;A VISTA;795.78
367;2023-06-16;367;19;4;1.0;A VISTA;765.47
475;2023-06-16;475;46;2;2.0;A VISTA;391.17999999999995
893;2023-06-16;893;32;2;3.0;A VISTA;749.64
49;2023-06-17;49;46;2;1.0;A VISTA;348.21999999999997
327;2023-06-17;327;24;4;4.0;A VISTA;1084.0
338;2023-06-17;338;43;2;1.0;A VISTA;663.51
506;2023-06-17;506;26;1;3.0;A VISTA;818.2399999999999
925;2023-06-17;925;30;2;3.0;A VISTA;63.08
34;2023-06-18;34;7;1;3.0;A VISTA;631.62
224;2023-06-18;224;40;2;3.0;A VISTA;1512.96
732;2023-06-18;732;25;4;1.0;A VISTA;192.9
601;2023-06-19;601;50;2;3.0;A VISTA;1266.6599999999999
915;2023-06-19;915;4;2;3.0;A VISTA;133.78
964;2023-06-19;964;34;2;2.0;A VISTA;297.71000000000004
268;2023-06-20;268;26;2;1.0;A VISTA;268.56
449;2023-06-20;449;41;4;4.0;A VISTA;83.94999999999999
599;2023-06-20;599;2;2;2.0;A VISTA;439.17
646;2023-06-20;646;45;3;2.0;A VISTA;563.11
396;2023-06-21;396;38;4;3.0;A VISTA;172.47
453;2023-06-21;453;36;4;1.0;A VISTA;1625.21
693;2023-06-21;693;15;1;1.0;A VISTA;371.25
80;2023-06-22;80;8;4;2.0;A VISTA;124.24
696;2023-06-22;696;30;4;1.0;A VISTA;780.1500000000001
52;2023-06-23;52;43;3;1.0;A VISTA;891.0799999999999
218;2023-06-24;218;26;2;3.0;A VISTA;1053.06
361;2023-06-24;361;4;2;1.0;A VISTA;900.3599999999999
986;2023-06-24;986;8;2;2.0;A VISTA;157.18
253;2023-06-25;253;43;2;4.0;A VISTA;392.15999999999997
339;2023-06-25;339;4;3;4.0;A VISTA;1251.44
359;2023-06-25;359;11;2;3.0;A VISTA;1043.26
402;2023-06-25;402;51;4;3.0;A VISTA;452.71000000000004
519;2023-06-25;519;20;1;1.0;A VISTA;1306.12
545;2023-06-25;545;32;1;4.0;A VISTA;48.9
770;2023-06-26;770;49;3;1.0;A VISTA;609.51
904;2023-06-26;904;40;4;2.0;A VISTA;94.74
178;2023-06-27;178;31;4;3.0;A VISTA;848.6499999999999
195;2023-06-27;195;37;1;4.0;A VISTA;288.18
281;2023-06-27;281;38;3;1.0;A VISTA;406.22
322;2023-06-27;322;42;1;4.0;A VISTA;967.19
557;2023-06-28;557;12;1;1.0;A VISTA;437.45000000000005
653;2023-06-29;653;15;3;4.0;A VISTA;116.2
705;2023-06-29;705;27;3;2.0;A VISTA;396.59
906;2023-06-29;906;12;2;2.0;A VISTA;723.5
98;2023-06-30;98;23;3;4.0;A VISTA;1377.81
592;2023-06-30;592;49;1;4.0;A VISTA;160.96
877;2023-06-30;877;1;3;3.0;A VISTA;147.12
393;2023-07-01;393;8;3;3.0;A VISTA;114.14000000000001
551;2023-07-01;551;18;2;1.0;A VISTA;766.76
37;2023-07-02;37;9;3;3.0;A VISTA;2632.24
400;2023-07-02;400;12;2;4.0;A VISTA;399.75
590;2023-07-02;590;44;2;1.0;A VISTA;874.29
787;2023-07-02;787;50;2;2.0;A VISTA;1233.69
865;2023-07-02;865;2;2;2.0;A VISTA;145.68
248;2023-07-03;248;35;2;1.0;A VISTA;132.84
561;2023-07-03;561;16;3;4.0;A VISTA;750.28
106;2023-07-04;106;33;3;4.0;A VISTA;1070.94
229;2023-07-04;229;48;4;3.0;A VISTA;1384.51
289;2023-07-04;289;33;4;3.0;A VISTA;216.64
426;2023-07-04;426;50;2;3.0;A VISTA;311.13000000000005
431;2023-07-04;431;40;2;2.0;A VISTA;377.64
142;2023-07-05;142;31;3;3.0;A VISTA;413.33
403;2023-07-05;403;9;3;3.0;A VISTA;107.50999999999999
537;2023-07-05;537;18;2;1.0;A VISTA;750.49
879;2023-07-05;879;14;1;1.0;A VISTA;638.5200000000001
530;2023-07-06;530;8;2;4.0;A VISTA;91.32000000000001
631;2023-07-06;631;48;3;2.0;A VISTA;163.38
788;2023-07-06;788;8;1;3.0;A VISTA;1016.85
836;2023-07-06;836;43;2;4.0;A VISTA;722.1
19;2023-07-07;19;20;4;2.0;A VISTA;725.71
173;2023-07-07;173;16;2;1.0;A VISTA;250.62000000000003
492;2023-07-07;492;9;4;4.0;A VISTA;817.73
103;2023-07-08;103;10;2;4.0;A VISTA;1095.3799999999999
319;2023-07-08;319;40;4;2.0;A VISTA;656.05
172;2023-07-09;172;21;3;3.0;A VISTA;1182.54
902;2023-07-09;902;27;4;4.0;A VISTA;567.38
121;2023-07-10;121;20;4;4.0;A VISTA;596.96
521;2023-07-10;521;2;3;3.0;A VISTA;306.46
966;2023-07-10;966;17;2;2.0;A VISTA;407.09000000000003
746;2023-07-11;746;17;4;4.0;A VISTA;435.91
935;2023-07-11;935;18;2;1.0;A VISTA;735.12
223;2023-07-12;223;27;1;2.0;A VISTA;384.46
257;2023-07-12;257;23;3;4.0;A VISTA;311.65999999999997
931;2023-07-12;931;6;4;3.0;A VISTA;244.59
325;2023-07-13;325;30;3;4.0;A VISTA;209.54
716;2023-07-13;716;19;3;1.0;A VISTA;1020.8700000000001
554;2023-07-14;554;16;4;2.0;A VISTA;183.13
343;2023-07-15;343;49;1;3.0;A VISTA;851.5
495;2023-07-15;495;9;4;3.0;A VISTA;923.76
498;2023-07-15;498;16;2;4.0;A VISTA;175.3
618;2023-07-15;618;38;3;4.0;A VISTA;79.47999999999999
971;2023-07-15;971;20;4;3.0;A VISTA;688.3999999999999
269;2023-07-16;269;20;3;2.0;A VISTA;547.38
351;2023-07-16;351;48;2;4.0;A VISTA;90.88
425;2023-07-16;425;39;2;3.0;A VISTA;96.44
606;2023-07-16;606;44;4;4.0;A VISTA;337.6
650;2023-07-16;650;49;1;1.0;A VISTA;792.45
306;2023-07-17;306;5;1;1.0;A VISTA;84.36999999999999
308;2023-07-17;308;32;1;4.0;A VISTA;60.64
698;2023-07-17;698;12;1;3.0;A VISTA;1210.54
890;2023-07-17;890;2;3;4.0;A VISTA;645.16
9;2023-07-18;9;22;4;4.0;A VISTA;907.97
194;2023-07-18;194;37;4;4.0;A VISTA;113.42
286;2023-07-18;286;29;2;1.0;A VISTA;513.29
462;2023-07-18;462;42;1;1.0;A VISTA;89.87
18;2023-07-19;18;47;3;1.0;A VISTA;434.07
40;2023-07-19;40;20;3;3.0;A VISTA;1022.76
479;2023-07-20;479;18;1;4.0;A VISTA;481.65999999999997
197;2023-07-21;197;37;4;2.0;A VISTA;333.19
29;2023-07-22;29;39;3;4.0;A VISTA;942.6
278;2023-07-22;278;25;4;4.0;A VISTA;84.24000000000001
774;2023-07-22;774;8;3;4.0;A VISTA;1579.5000000000002
862;2023-07-22;862;41;3;4.0;A VISTA;73.99000000000001
92;2023-07-23;92;5;4;2.0;A VISTA;71.25999999999999
290;2023-07-23;290;34;2;1.0;A VISTA;778.69
747;2023-07-23;747;4;3;1.0;A VISTA;356.09
819;2023-07-23;819;20;4;1.0;A VISTA;76.63000000000001
995;2023-07-23;995;38;1;3.0;A VISTA;1544.11
190;2023-07-24;190;7;2;4.0;A VISTA;642.35
676;2023-07-24;676;34;2;2.0;A VISTA;190.34
621;2023-07-25;621;51;3;4.0;A VISTA;328.21000000000004
663;2023-07-25;663;16;3;4.0;A VISTA;1009.9100000000001
970;2023-07-25;970;32;1;1.0;A VISTA;507.55
388;2023-07-26;388;43;1;3.0;A VISTA;180.15
193;2023-07-27;193;31;3;3.0;A VISTA;54.73
239;2023-07-27;239;4;4;3.0;A VISTA;22.82
548;2023-07-27;548;50;4;3.0;A VISTA;672.3000000000001
562;2023-07-27;562;26;1;4.0;A VISTA;785.38
846;2023-07-27;846;10;1;4.0;A VISTA;287.54
822;2023-07-28;822;18;2;4.0;A VISTA;292.27
272;2023-07-29;272;17;4;2.0;A VISTA;295.59999999999997
525;2023-07-29;525;25;1;1.0;A VISTA;431.64
598;2023-07-29;598;42;4;2.0;A VISTA;607.89
602;2023-07-29;602;36;3;3.0;A VISTA;104.29
976;2023-07-29;976;48;3;1.0;A VISTA;488.91999999999996
60;2023-07-30;60;20;2;2.0;A VISTA;610.02
271;2023-07-30;271;44;4;1.0;A VISTA;212.06
503;2023-07-30;503;3;2;1.0;A VISTA;284.07000000000005
761;2023-07-30;761;35;4;1.0;A VISTA;101.2
778;2023-07-31;778;17;2;3.0;A VISTA;586.3199999999999
170;2023-08-01;170;43;1;4.0;A VISTA;1418.99
200;2023-08-01;200;27;2;2.0;A VISTA;28.779999999999998
866;2023-08-01;866;23;1;4.0;A VISTA;239.61
878;2023-08-01;878;2;2;2.0;A VISTA;1079.08
967;2023-08-01;967;13;1;2.0;A VISTA;142.48
180;2023-08-02;180;24;2;1.0;A VISTA;355.67
458;2023-08-02;458;6;1;1.0;A VISTA;307.65000000000003
472;2023-08-02;472;9;3;2.0;A VISTA;505.38
528;2023-08-02;528;25;1;2.0;A VISTA;384.23
763;2023-08-02;763;45;4;1.0;A VISTA;103.94
814;2023-08-02;814;45;3;3.0;A VISTA;527.1600000000001
934;2023-08-02;934;24;1;1.0;A VISTA;755.95
524;2023-08-03;524;18;4;2.0;A VISTA;699.5200000000001
807;2023-08-03;807;42;3;2.0;A VISTA;716.84
81;2023-08-04;81;38;4;2.0;A VISTA;147.82
267;2023-08-04;267;4;3;1.0;A VISTA;980.47
666;2023-08-04;666;9;3;3.0;A VISTA;167.08
724;2023-08-04;724;15;1;3.0;A VISTA;794.4
509;2023-08-05;509;41;2;3.0;A VISTA;913.3699999999999
355;2023-08-06;355;47;1;2.0;A VISTA;664.1899999999999
571;2023-08-06;571;47;2;4.0;A VISTA;203.92
617;2023-08-06;617;6;2;1.0;A VISTA;1152.6899999999998
38;2023-08-07;38;33;2;3.0;A VISTA;293.66
303;2023-08-07;303;38;1;2.0;A VISTA;248.46
320;2023-08-07;320;3;3;2.0;A VISTA;1020.75
581;2023-08-07;581;42;2;2.0;A VISTA;855.51
733;2023-08-07;733;27;1;3.0;A VISTA;695.4
782;2023-08-07;782;10;3;1.0;A VISTA;277.84000000000003
818;2023-08-07;818;23;3;4.0;A VISTA;54.01
334;2023-08-08;334;12;3;1.0;A VISTA;729.69
353;2023-08-08;353;32;3;1.0;A VISTA;315.03000000000003
593;2023-08-08;593;21;4;3.0;A VISTA;615.81
863;2023-08-08;863;38;2;3.0;A VISTA;50.86
75;2023-08-10;75;23;3;4.0;A VISTA;129.45
158;2023-08-10;158;13;4;1.0;A VISTA;165.18
368;2023-08-10;368;25;4;2.0;A VISTA;42.129999999999995
840;2023-08-10;840;18;3;4.0;A VISTA;420.15
285;2023-08-11;285;10;2;4.0;A VISTA;215.92000000000002
488;2023-08-11;488;31;3;2.0;A VISTA;86.4
564;2023-08-11;564;45;1;3.0;A VISTA;850.9499999999999
790;2023-08-11;790;34;4;4.0;A VISTA;1597.35
926;2023-08-11;926;33;2;1.0;A VISTA;472.9599999999999
90;2023-08-12;90;35;1;1.0;A VISTA;1069.1399999999999
101;2023-08-12;101;29;4;2.0;A VISTA;864.03
384;2023-08-12;384;37;4;1.0;A VISTA;560.22
390;2023-08-12;390;9;2;1.0;A VISTA;2062.73
39;2023-08-13;39;3;3;3.0;A VISTA;487.39000000000004
279;2023-08-13;279;7;4;3.0;A VISTA;64.28
556;2023-08-13;556;17;1;4.0;A VISTA;1029.54
567;2023-08-14;567;43;4;1.0;A VISTA;440.92
579;2023-08-14;579;31;3;1.0;A VISTA;183.79
990;2023-08-14;990;24;3;4.0;A VISTA;1083.42
345;2023-08-15;345;5;4;2.0;A VISTA;955.9899999999999
470;2023-08-15;470;13;3;2.0;A VISTA;447.42
657;2023-08-15;657;9;3;3.0;A VISTA;165.72
989;2023-08-15;989;15;4;3.0;A VISTA;1334.5700000000002
63;2023-08-16;63;2;2;2.0;A VISTA;899.8299999999999
300;2023-08-16;300;34;4;1.0;A VISTA;218.02
804;2023-08-16;804;41;3;4.0;A VISTA;92.78999999999999
812;2023-08-16;812;8;4;3.0;A VISTA;511.55999999999995
886;2023-08-16;886;43;4;4.0;A VISTA;1027.21
405;2023-08-17;405;11;3;2.0;A VISTA;967.4399999999999
922;2023-08-17;922;27;4;4.0;A VISTA;570.76
963;2023-08-17;963;11;2;2.0;A VISTA;91.7
78;2023-08-18;78;19;2;2.0;A VISTA;216.46999999999997
611;2023-08-18;611;35;2;1.0;A VISTA;511.96
721;2023-08-18;721;6;3;2.0;A VISTA;58.370000000000005
772;2023-08-18;772;42;3;4.0;A VISTA;1253.11
89;2023-08-19;89;5;1;1.0;A VISTA;572.0400000000001
408;2023-08-19;408;38;3;4.0;A VISTA;239.33999999999997
437;2023-08-19;437;39;4;1.0;A VISTA;15.16
575;2023-08-19;575;49;3;1.0;A VISTA;880.93
692;2023-08-19;692;24;4;3.0;A VISTA;123.31
130;2023-08-20;130;11;3;4.0;A VISTA;105.43
212;2023-08-20;212;20;2;2.0;A VISTA;50.97
591;2023-08-20;591;28;2;1.0;A VISTA;492.05999999999995
706;2023-08-20;706;34;3;4.0;A VISTA;117.91
74;2023-08-21;74;36;3;1.0;A VISTA;119.93
232;2023-08-21;232;26;4;1.0;A VISTA;734.4200000000001
647;2023-08-21;647;43;4;3.0;A VISTA;624.44
686;2023-08-21;686;34;3;4.0;A VISTA;118.88
699;2023-08-21;699;42;3;3.0;A VISTA;374.78999999999996
739;2023-08-21;739;22;2;3.0;A VISTA;469.1
762;2023-08-21;762;44;1;1.0;A VISTA;265.32
801;2023-08-21;801;38;1;3.0;A VISTA;790.5
302;2023-08-22;302;42;4;1.0;A VISTA;1129.09
648;2023-08-22;648;25;1;1.0;A VISTA;779.22
767;2023-08-22;767;42;2;1.0;A VISTA;93.75999999999999
883;2023-08-22;883;25;2;2.0;A VISTA;87.59
644;2023-08-23;644;13;2;1.0;A VISTA;550.32
994;2023-08-23;994;45;1;3.0;A VISTA;1006.83
280;2023-08-24;280;1;1;2.0;A VISTA;1794.3200000000002
435;2023-08-24;435;5;2;1.0;A VISTA;507.49
619;2023-08-24;619;7;4;1.0;A VISTA;446.78
626;2023-08-24;626;44;4;1.0;A VISTA;274.76
793;2023-08-24;793;4;4;4.0;A VISTA;397.85
416;2023-08-25;416;20;2;1.0;A VISTA;52.32
443;2023-08-25;443;1;3;1.0;A VISTA;137.13
529;2023-08-25;529;50;3;3.0;A VISTA;985.85
574;2023-08-25;574;37;2;4.0;A VISTA;247.07000000000002
678;2023-08-25;678;2;3;3.0;A VISTA;518.46
128;2023-08-26;128;44;1;3.0;A VISTA;915.3299999999999
265;2023-08-26;265;32;4;1.0;A VISTA;631.4
162;2023-08-27;162;36;4;1.0;A VISTA;1251.2
324;2023-08-27;324;22;4;1.0;A VISTA;83.84
352;2023-08-27;352;28;1;2.0;A VISTA;415.14000000000004
412;2023-08-27;412;37;3;2.0;A VISTA;385.68999999999994
911;2023-08-27;911;24;3;4.0;A VISTA;1300.23
245;2023-08-28;245;17;3;1.0;A VISTA;711.9
955;2023-08-28;955;31;4;1.0;A VISTA;717.1800000000001
47;2023-08-29;47;20;2;2.0;A VISTA;574.01
154;2023-08-29;154;19;4;3.0;A VISTA;1646.2200000000003
540;2023-08-29;540;33;4;4.0;A VISTA;75.11
569;2023-08-29;569;45;1;1.0;A VISTA;314.58
643;2023-08-29;643;24;1;4.0;A VISTA;149.66000000000003
795;2023-08-29;795;45;2;2.0;A VISTA;651.18
847;2023-08-29;847;39;3;4.0;A VISTA;208.85
409;2023-08-30;409;15;2;1.0;A VISTA;281.21
889;2023-08-30;889;31;1;4.0;A VISTA;570.9399999999999
854;2023-08-31;854;27;1;2.0;A VISTA;516.12
176;2023-09-01;176;7;1;3.0;A VISTA;203.73
221;2023-09-01;221;18;3;1.0;A VISTA;234.13
73;2023-09-02;73;49;4;3.0;A VISTA;281.63
76;2023-09-02;76;43;4;3.0;A VISTA;188.95000000000002
905;2023-09-02;905;22;3;4.0;A VISTA;692.58
316;2023-09-03;316;1;1;1.0;A VISTA;557.89
539;2023-09-03;539;22;2;3.0;A VISTA;1036.29
585;2023-09-03;585;49;4;2.0;A VISTA;153.3
898;2023-09-03;898;30;2;2.0;A VISTA;203.97
952;2023-09-03;952;16;4;1.0;A VISTA;1586.12
410;2023-09-04;410;34;2;1.0;A VISTA;546.87
497;2023-09-04;497;5;3;4.0;A VISTA;914.0399999999998
566;2023-09-04;566;6;3;1.0;A VISTA;928.6
750;2023-09-04;750;35;1;3.0;A VISTA;321.84999999999997
766;2023-09-04;766;25;2;2.0;A VISTA;1284.03
67;2023-09-06;67;27;1;1.0;A VISTA;393.34
901;2023-09-06;901;4;2;1.0;A VISTA;905.89
184;2023-09-07;184;38;1;2.0;A VISTA;301.10999999999996
469;2023-09-07;469;36;4;1.0;A VISTA;313.47
634;2023-09-07;634;25;2;1.0;A VISTA;338.42
55;2023-09-08;55;11;4;4.0;A VISTA;561.53
69;2023-09-08;69;17;4;2.0;A VISTA;405.42
756;2023-09-08;756;45;4;3.0;A VISTA;59.64
796;2023-09-08;796;46;1;3.0;A VISTA;314.31000000000006
104;2023-09-09;104;5;4;3.0;A VISTA;146.15
568;2023-09-09;568;42;1;2.0;A VISTA;391.81000000000006
241;2023-09-10;241;30;2;4.0;A VISTA;930.99
944;2023-09-10;944;27;4;4.0;A VISTA;594.8399999999999
983;2023-09-10;983;37;3;1.0;A VISTA;109.80000000000001
943;2023-09-11;943;15;2;3.0;A VISTA;56.71000000000001
64;2023-09-12;64;2;2;4.0;A VISTA;51.93000000000001
450;2023-09-12;450;26;2;1.0;A VISTA;466.33000000000004
587;2023-09-12;587;16;4;3.0;A VISTA;679.3299999999999
757;2023-09-12;757;10;2;2.0;A VISTA;393.9
981;2023-09-12;981;6;3;2.0;A VISTA;911.53
27;2023-09-13;27;38;3;3.0;A VISTA;68.69
594;2023-09-13;594;22;2;2.0;A VISTA;468.96000000000004
937;2023-09-13;937;10;3;1.0;A VISTA;508.64000000000004
374;2023-09-14;374;24;3;2.0;A VISTA;985.04
681;2023-09-14;681;44;4;3.0;A VISTA;726.7700000000001
7;2023-09-15;7;8;4;3.0;A VISTA;558.48
214;2023-09-15;214;38;2;1.0;A VISTA;566.4599999999999
222;2023-09-16;222;32;1;2.0;A VISTA;221.27
350;2023-09-16;350;12;2;4.0;A VISTA;123.48
126;2023-09-17;126;45;4;1.0;A VISTA;733.65
639;2023-09-17;639;2;2;3.0;A VISTA;164.28
928;2023-09-17;928;37;3;4.0;A VISTA;904.21
645;2023-09-18;645;42;2;1.0;A VISTA;236.93
932;2023-09-18;932;40;4;1.0;A VISTA;973.9799999999999
993;2023-09-18;993;50;1;2.0;A VISTA;266.29
57;2023-09-19;57;26;1;1.0;A VISTA;480.1
708;2023-09-19;708;47;3;4.0;A VISTA;617.23
848;2023-09-19;848;9;3;2.0;A VISTA;421.82
526;2023-09-20;526;36;3;3.0;A VISTA;1019.7
186;2023-09-21;186;43;2;4.0;A VISTA;1186.12
258;2023-09-21;258;20;3;2.0;A VISTA;298.56
460;2023-09-21;460;34;1;3.0;A VISTA;86.34
828;2023-09-21;828;17;4;4.0;A VISTA;37.28
997;2023-09-21;997;45;1;1.0;A VISTA;64.82
163;2023-09-22;163;28;1;4.0;A VISTA;204.34
259;2023-09-22;259;35;2;3.0;A VISTA;367.91999999999996
438;2023-09-22;438;46;4;4.0;A VISTA;1445.86
483;2023-09-22;483;33;2;4.0;A VISTA;328.16999999999996
544;2023-09-22;544;14;4;3.0;A VISTA;751.73
576;2023-09-22;576;6;1;4.0;A VISTA;40.68
825;2023-09-22;825;6;3;3.0;A VISTA;465.45
164;2023-09-23;164;44;1;1.0;A VISTA;560.8199999999999
832;2023-09-23;832;35;2;4.0;A VISTA;141.76
139;2023-09-24;139;41;2;2.0;A VISTA;88.98
950;2023-09-24;950;48;4;2.0;A VISTA;238.29999999999998
988;2023-09-24;988;44;3;3.0;A VISTA;643.5600000000001
415;2023-09-25;415;6;2;1.0;A VISTA;185.39
867;2023-09-25;867;51;1;1.0;A VISTA;266.3
93;2023-09-26;93;11;2;4.0;A VISTA;213.76
155;2023-09-26;155;47;2;4.0;A VISTA;245.05
105;2023-09-27;105;8;1;1.0;A VISTA;343.93
236;2023-09-27;236;36;1;4.0;A VISTA;686.81
630;2023-09-27;630;11;4;4.0;A VISTA;730.3399999999999
903;2023-09-27;903;8;2;4.0;A VISTA;114.19999999999999
97;2023-09-28;97;27;1;3.0;A VISTA;1606.82
199;2023-09-28;199;16;1;3.0;A VISTA;17.88
843;2023-09-28;843;18;2;1.0;A VISTA;951.8100000000001
28;2023-09-29;28;1;2;3.0;A VISTA;796.4200000000001
56;2023-09-29;56;34;1;4.0;A VISTA;520.49
96;2023-09-29;96;41;3;2.0;A VISTA;89.78
917;2023-09-29;917;17;1;4.0;A VISTA;701.8700000000001
829;2023-09-30;829;20;4;4.0;A VISTA;499.21
834;2023-09-30;834;42;3;4.0;A VISTA;174.43
3;2023-10-01;3;37;4;2.0;A VISTA;502.89
547;2023-10-01;547;40;1;4.0;A VISTA;771.87
578;2023-10-01;578;50;1;2.0;A VISTA;603.38
620;2023-10-01;620;11;3;3.0;A VISTA;656.09
887;2023-10-01;887;11;4;3.0;A VISTA;102.08
420;2023-10-02;420;9;4;4.0;A VISTA;1074.87
434;2023-10-02;434;9;4;4.0;A VISTA;178.17
419;2023-10-03;419;13;2;1.0;A VISTA;361.59000000000003
448;2023-10-03;448;7;4;1.0;A VISTA;657.5300000000001
735;2023-10-03;735;17;4;4.0;A VISTA;1373.18
397;2023-10-04;397;18;1;3.0;A VISTA;80.8
532;2023-10-04;532;23;2;3.0;A VISTA;366.98
174;2023-10-05;174;3;4;3.0;A VISTA;69.66
215;2023-10-05;215;40;2;4.0;A VISTA;51.54
454;2023-10-05;454;24;2;1.0;A VISTA;162.3
596;2023-10-05;596;36;2;2.0;A VISTA;410.28
683;2023-10-06;683;18;2;4.0;A VISTA;526.14
965;2023-10-06;965;9;3;1.0;A VISTA;674.92
736;2023-10-07;736;46;1;1.0;A VISTA;959.67
775;2023-10-07;775;50;2;2.0;A VISTA;1182.37
856;2023-10-07;856;17;1;4.0;A VISTA;484.86
136;2023-10-08;136;26;3;3.0;A VISTA;1328.25
356;2023-10-08;356;10;2;3.0;A VISTA;682.9
377;2023-10-08;377;42;3;4.0;A VISTA;339.48
433;2023-10-08;433;2;3;1.0;A VISTA;89.65
947;2023-10-08;947;40;4;2.0;A VISTA;244.20999999999998
341;2023-10-09;341;30;2;2.0;A VISTA;800.45
452;2023-10-09;452;47;3;3.0;A VISTA;1264.46
494;2023-10-09;494;44;1;4.0;A VISTA;380.26
555;2023-10-09;555;51;3;3.0;A VISTA;64.34
17;2023-10-10;17;37;2;2.0;A VISTA;928.74
79;2023-10-10;79;42;1;1.0;A VISTA;237.47000000000003
466;2023-10-10;466;9;2;4.0;A VISTA;602.65
640;2023-10-10;640;32;1;1.0;A VISTA;70.38000000000001
731;2023-10-11;731;9;1;3.0;A VISTA;202.94
864;2023-10-11;864;29;1;4.0;A VISTA;480.01000000000005
461;2023-10-12;461;43;1;2.0;A VISTA;321.81
477;2023-10-12;477;20;4;4.0;A VISTA;1845.1
550;2023-10-12;550;16;1;1.0;A VISTA;343.24
652;2023-10-12;652;6;2;4.0;A VISTA;714.5
729;2023-10-12;729;42;2;3.0;A VISTA;706.59
897;2023-10-12;897;22;2;1.0;A VISTA;1020.84
256;2023-10-13;256;31;2;4.0;A VISTA;66.71000000000001
275;2023-10-13;275;51;1;3.0;A VISTA;287.18
636;2023-10-13;636;21;2;4.0;A VISTA;28.36
765;2023-10-13;765;1;3;1.0;A VISTA;615.77
6;2023-10-14;6;19;4;3.0;A VISTA;1078.8300000000002
2;2023-10-15;2;44;3;2.0;A VISTA;1190.73
131;2023-10-15;131;7;1;2.0;A VISTA;251.86
474;2023-10-15;474;18;2;3.0;A VISTA;102.25999999999999
315;2023-10-16;315;35;2;3.0;A VISTA;234.94000000000003
900;2023-10-16;900;9;2;4.0;A VISTA;689.27
424;2023-10-17;424;29;1;3.0;A VISTA;30.62
484;2023-10-17;484;33;3;4.0;A VISTA;478.78000000000003
511;2023-10-17;511;27;3;2.0;A VISTA;1569.2
543;2023-10-17;543;18;4;3.0;A VISTA;45.28
595;2023-10-17;595;1;3;4.0;A VISTA;870.75
748;2023-10-17;748;27;1;2.0;A VISTA;376.79999999999995
821;2023-10-17;821;30;3;2.0;A VISTA;758.52
920;2023-10-17;920;4;4;3.0;A VISTA;258.85
226;2023-10-18;226;6;4;4.0;A VISTA;1593.7799999999997
744;2023-10-18;744;3;1;2.0;A VISTA;115.22999999999999
894;2023-10-18;894;47;1;1.0;A VISTA;388.15
91;2023-10-19;91;8;4;2.0;A VISTA;68.76
250;2023-10-19;250;42;4;1.0;A VISTA;123.41999999999999
689;2023-10-19;689;18;4;1.0;A VISTA;273.7
712;2023-10-19;712;17;3;3.0;A VISTA;129.1
745;2023-10-19;745;41;4;4.0;A VISTA;463.45000000000005
909;2023-10-19;909;47;1;1.0;A VISTA;303.97
314;2023-10-20;314;29;3;4.0;A VISTA;686.5799999999999
328;2023-10-20;328;35;1;3.0;A VISTA;566.1700000000001
330;2023-10-21;330;44;4;2.0;A VISTA;415.63
918;2023-10-21;918;21;2;3.0;A VISTA;298.86
133;2023-10-22;133;6;3;3.0;A VISTA;1033.75
517;2023-10-22;517;13;1;1.0;A VISTA;528.28
768;2023-10-22;768;2;4;1.0;A VISTA;508.37
872;2023-10-22;872;32;2;4.0;A VISTA;475.52
242;2023-10-23;242;7;4;3.0;A VISTA;1223.25
266;2023-10-24;266;28;2;2.0;A VISTA;1836.8600000000001
369;2023-10-24;369;30;4;2.0;A VISTA;550.1800000000001
512;2023-10-24;512;31;4;2.0;A VISTA;35.09
629;2023-10-24;629;14;2;1.0;A VISTA;559.26
515;2023-10-25;515;23;3;3.0;A VISTA;105.11
622;2023-10-25;622;16;3;3.0;A VISTA;343.15
910;2023-10-25;910;6;3;3.0;A VISTA;25.88
107;2023-10-26;107;4;3;4.0;A VISTA;469.64
113;2023-10-26;113;35;4;4.0;A VISTA;1146.57
125;2023-10-26;125;15;2;3.0;A VISTA;138.86
441;2023-10-26;441;50;1;1.0;A VISTA;469.41999999999996
968;2023-10-26;968;37;2;4.0;A VISTA;641.89
20;2023-10-28;20;10;2;2.0;A VISTA;1103.49
207;2023-10-28;207;17;4;3.0;A VISTA;909.92
607;2023-10-28;607;49;1;3.0;A VISTA;345.18
151;2023-10-29;151;42;2;3.0;A VISTA;31.77
225;2023-10-29;225;20;1;3.0;A VISTA;833.52
394;2023-10-29;394;45;2;3.0;A VISTA;24.009999999999998
516;2023-10-29;516;19;2;1.0;A VISTA;2312.65
726;2023-10-29;726;5;4;2.0;A VISTA;1009.0400000000001
