CODIGO_VENDA;CODIGO_PRODUTO;VALOR_UNITARIO;QUANTIDADE;VALOR_FINAL
1;53;74.72;5;373.6
1;80;4.65;9;41.85
1;86;5.5;6;33.0
2;1;118.32;5;591.6
2;58;68.12;1;68.12
2;71;4.87;4;19.48
3;6;7.64;9;68.76
3;37;52.59;1;52.59
3;66;5.26;3;15.78
4;24;140.18;5;700.9
4;39;36.1;2;72.2
4;91;5.62;9;50.58
5;26;109.08;3;327.24
5;39;64.18;3;192.54
5;90;4.65;6;27.9
6;5;8.64;5;43.2
6;70;2.95;8;23.6
6;90;4.7;6;28.2
7;2;116.91;9;1052.19
7;15;6.56;8;52.48
7;85;1.98;7;13.86
8;14;7.71;6;46.26
8;48;21.79;5;108.95
8;55;62.91;6;377.46
9;10;7.0;9;63.0
9;39;51.1;5;255.5
9;81;2.65;2;5.3
10;2;109.81;2;219.62
10;55;38.99;3;116.97
10;80;3.27;5;16.35
11;32;37.41;1;37.41
11;83;4.34;1;4.34
11;84;3.14;8;25.12
12;23;97.85;2;195.7
12;32;57.44;9;516.96
12;88;1.37;3;4.11
13;14;6.99;7;48.93
13;20;64.12;1;64.12
13;68;5.24;4;20.96
14;13;9.27;1;9.27
14;50;20.61;5;103.05
14;77;5.0;8;40.0
15;34;63.82;7;446.74
15;66;1.72;6;10.32
15;72;2.65;3;7.95
16;15;6.42;4;25.68
16;47;17.01;4;68.04
16;54;42.71;2;85.42
17;65;1.87;6;11.22
17;74;1.96;1;1.96
17;89;5.56;1;5.56
18;35;67.75;2;135.5
18;84;5.13;5;25.65
18;85;2.3;6;13.8
19;30;55.01;1;55.01
19;51;38.57;6;231.42
19;74;3.34;2;6.68
20;12;8.85;1;8.85
20;50;27.85;3;83.55
20;58;79.09;1;79.09
21;22;67.23;5;336.15
21;40;59.13;7;413.91
21;41;73.53;6;441.18
22;4;9.69;1;9.69
22;63;4.67;8;37.36
22;77;1.21;7;8.47
23;24;169.92;3;509.76
23;41;69.86;6;419.16
23;51;33.11;6;198.66
24;12;7.57;1;7.57
24;44;25.07;1;25.07
24;58;46.87;4;187.48
25;13;7.21;2;14.42
25;70;3.91;4;15.64
25;77;4.51;5;22.55
26;49;17.84;9;160.56
26;50;28.01;7;196.07
26;53;58.26;7;407.82
27;7;9.17;1;9.17
27;12;8.59;2;17.18
27;26;160.54;9;1444.86
28;59;4.31;6;25.86
28;67;5.23;9;47.07
28;81;3.12;8;24.96
29;42;70.8;1;70.8
29;45;17.21;7;120.47
29;86;2.09;3;6.27
30;56;58.73;8;469.84
30;76;5.88;9;52.92
30;83;4.81;6;28.86
31;43;15.5;3;46.5
31;56;31.93;2;63.86
31;81;3.25;8;26.0
32;48;27.3;8;218.4
32;58;63.68;2;127.36
32;75;1.85;8;14.8
33;38;75.18;9;676.62
33;42;57.62;3;172.86
33;91;4.13;4;16.52
34;2;101.3;2;202.6
34;8;9.34;5;46.7
34;9;8.19;9;73.71
35;10;6.84;9;61.56
35;27;139.24;4;556.96
35;84;5.2;6;31.2
36;24;128.85;1;128.85
36;38;38.69;5;193.45
36;72;5.63;1;5.63
37;32;55.1;2;110.2
37;61;2.21;6;13.26
37;70;5.79;5;28.95
38;6;8.83;2;17.66
38;34;42.34;1;42.34
38;87;3.65;8;29.2
39;6;6.4;4;25.6
39;15;7.06;9;63.54
39;30;36.21;4;144.84
40;55;44.03;9;396.27
40;65;2.37;7;16.59
40;88;5.84;3;17.52
41;20;93.94;9;845.46
41;60;3.99;4;15.96
41;85;1.15;6;6.9
42;7;8.89;1;8.89
42;32;58.96;6;353.76
42;38;53.03;1;53.03
43;31;36.53;8;292.24
43;33;60.34;5;301.7
43;83;5.44;1;5.44
44;25;167.89;8;1343.12
44;32;30.21;5;151.05
44;68;3.79;8;30.32
45;30;36.79;9;331.11
45;32;73.16;1;73.16
45;46;23.66;7;165.62
46;15;9.9;6;59.4
46;21;87.11;5;435.55
46;89;2.41;4;9.64
47;37;57.58;9;518.22
47;39;35.36;9;318.24
47;51;78.82;3;236.46
48;5;9.95;6;59.7
48;77;5.27;5;26.35
48;80;2.49;2;4.98
49;50;17.97;7;125.79
49;60;2.69;4;10.76
49;70;1.84;2;3.68
50;11;9.75;6;58.5
50;31;66.46;2;132.92
50;84;2.4;9;21.6
51;26;109.97;3;329.91
51;33;33.76;2;67.52
51;37;37.82;8;302.56
52;16;86.43;8;691.44
52;17;89.67;8;717.36
52;27;149.58;8;1196.64
53;38;69.31;8;554.48
53;50;16.94;1;16.94
53;67;2.76;4;11.04
54;21;40.04;7;280.28
54;43;16.51;8;132.08
54;71;3.98;2;7.96
55;7;6.95;7;48.65
55;11;9.64;7;67.48
55;61;1.18;3;3.54
56;11;7.17;6;43.02
56;64;5.59;1;5.59
56;75;3.95;5;19.75
57;4;9.98;3;29.94
57;7;8.56;7;59.92
57;78;2.4;6;14.4
58;25;136.91;6;821.46
58;26;103.97;3;311.91
58;58;66.8;2;133.6
59;68;1.91;2;3.82
59;71;3.64;7;25.48
59;75;4.8;9;43.2
60;11;8.09;5;40.45
60;34;39.14;3;117.42
60;50;28.17;4;112.68
61;13;6.48;9;58.32
61;17;84.23;2;168.46
61;29;33.11;4;132.44
62;15;9.98;4;39.92
62;19;97.78;8;782.24
62;48;22.47;2;44.94
63;19;68.66;5;343.3
63;21;48.46;1;48.46
63;32;72.26;2;144.52
64;30;47.68;7;333.76
64;68;5.72;6;34.32
64;87;5.31;3;15.93
65;33;70.1;3;210.3
65;70;2.5;6;15.0
65;71;3.27;4;13.08
66;12;7.43;4;29.72
66;33;30.06;2;60.12
66;82;2.43;9;21.87
67;6;8.88;2;17.76
67;12;7.64;5;38.2
67;83;1.07;6;6.42
68;10;8.04;5;40.2
68;55;40.92;2;81.84
68;61;1.98;1;1.98
69;14;6.59;9;59.31
69;45;25.32;3;75.96
69;84;4.8;4;19.2
70;20;39.82;4;159.28
70;66;4.28;2;8.56
70;72;3.35;6;20.1
71;23;163.72;9;1473.48
71;73;5.96;2;11.92
71;90;5.52;4;22.08
72;15;8.37;7;58.59
72;59;1.53;1;1.53
72;83;3.57;4;14.28
73;23;126.23;1;126.23
73;24;175.77;8;1406.16
73;42;50.86;9;457.74
74;32;33.97;7;237.79
74;43;19.11;9;171.99
74;46;23.22;7;162.54
75;73;4.86;2;9.72
75;80;3.02;9;27.18
75;86;4.14;6;24.84
76;2;99.45;2;198.9
76;5;9.23;6;55.38
76;28;51.05;8;408.4
77;1;155.1;2;310.2
77;6;9.93;7;69.51
77;14;6.14;7;42.98
78;13;8.58;4;34.32
78;22;65.85;1;65.85
78;58;80.06;2;160.12
79;13;9.89;1;9.89
79;14;7.51;7;52.57
79;17;79.55;4;318.2
80;8;6.53;1;6.53
80;17;95.61;3;286.83
80;81;1.96;2;3.92
81;31;46.31;8;370.48
81;51;40.83;3;122.49
81;85;1.96;6;11.76
82;12;7.62;9;68.58
82;35;44.82;5;224.1
82;51;82.79;6;496.74
83;4;7.86;9;70.74
83;28;39.38;2;78.76
83;33;55.68;6;334.08
84;47;23.48;3;70.44
84;62;4.74;8;37.92
84;78;2.12;8;16.96
85;20;77.79;2;155.58
85;60;5.84;2;11.68
85;74;3.58;3;10.74
86;15;6.56;6;39.36
86;48;29.9;3;89.7
86;91;4.07;8;32.56
87;44;23.78;1;23.78
87;45;25.21;9;226.89
87;91;1.49;6;8.94
88;37;64.13;6;384.78
88;42;62.5;3;187.5
88;71;1.9;7;13.3
89;47;23.8;6;142.8
89;53;59.15;8;473.2
89;76;3.63;2;7.26
90;24;172.52;7;1207.64
90;66;2.88;5;14.4
90;69;3.99;6;23.94
91;13;9.38;6;56.28
91;16;81.68;3;245.04
91;65;1.95;4;7.8
92;14;6.01;1;6.01
92;34;72.4;5;362.0
92;60;1.02;4;4.08
93;30;31.09;1;31.09
93;63;2.13;5;10.65
93;77;2.84;2;5.68
94;23;166.9;4;667.6
94;34;31.88;7;223.16
94;52;76.78;1;76.78
95;54;34.15;8;273.2
95;65;2.58;9;23.22
95;74;2.04;7;14.28
96;24;118.15;7;827.05
96;66;4.66;3;13.98
96;90;3.89;5;19.45
97;9;7.2;1;7.2
97;68;3.55;2;7.1
97;87;1.02;9;9.18
98;32;37.26;2;74.52
98;37;67.47;1;67.47
98;51;69.21;9;622.89
99;33;38.83;9;349.47
99;43;27.11;1;27.11
99;74;4.31;3;12.93
100;11;9.48;6;56.88
100;19;77.39;7;541.73
100;37;68.58;5;342.9
101;1;134.57;4;538.28
101;32;41.91;1;41.91
101;40;37.1;2;74.2
102;26;96.06;2;192.12
102;40;44.07;7;308.49
102;86;4.58;6;27.48
103;1;122.59;8;980.72
103;45;22.86;8;182.88
103;61;4.66;7;32.62
104;10;7.77;4;31.08
104;24;98.99;9;890.91
104;74;1.08;9;9.72
105;3;113.69;1;113.69
105;12;7.02;9;63.18
105;58;76.79;7;537.53
106;5;6.2;7;43.4
106;16;88.9;3;266.7
106;68;5.25;4;21.0
107;65;2.96;2;5.92
107;80;4.84;7;33.88
107;90;1.1;8;8.8
108;31;37.74;4;150.96
108;74;1.92;6;11.52
108;88;2.84;2;5.68
109;33;62.61;5;313.05
109;46;28.4;6;170.4
109;84;4.09;6;24.54
110;14;7.24;3;21.72
110;41;36.09;5;180.45
110;43;26.04;2;52.08
111;11;6.55;3;19.65
111;60;1.56;8;12.48
111;86;2.0;5;10.0
112;22;69.88;9;628.92
112;49;19.9;7;139.3
112;76;1.62;7;11.34
113;20;36.15;6;216.9
113;58;42.13;5;210.65
113;70;1.96;8;15.68
114;8;6.42;8;51.36
114;27;152.38;8;1219.04
114;66;3.76;6;22.56
115;8;7.26;6;43.56
115;10;9.78;3;29.34
115;35;72.36;3;217.08
116;64;3.03;3;9.09
116;65;5.18;8;41.44
116;71;4.4;8;35.2
117;18;97.62;2;195.24
117;34;35.1;1;35.1
117;66;4.99;1;4.99
118;4;8.15;3;24.45
118;44;23.91;9;215.19
118;83;2.27;3;6.81
119;24;161.45;2;322.9
119;57;44.62;7;312.34
119;66;1.9;5;9.5
120;77;3.26;5;16.3
120;78;3.85;7;26.95
120;80;1.03;1;1.03
121;3;111.7;3;335.1
121;11;7.98;7;55.86
121;86;2.22;2;4.44
122;3;99.31;6;595.86
122;14;9.39;6;56.34
122;19;47.33;1;47.33
123;9;6.84;8;54.72
123;53;81.85;9;736.65
123;62;4.22;7;29.54
124;17;74.47;9;670.23
124;37;53.5;5;267.5
124;76;4.27;9;38.43
125;38;58.61;8;468.88
125;44;22.82;7;159.74
125;79;4.35;9;39.15
126;1;130.59;7;914.13
126;29;73.79;8;590.32
126;78;5.98;5;29.9
127;42;59.14;8;473.12
127;52;66.11;3;198.33
127;71;4.49;4;17.96
128;25;91.67;4;366.68
128;80;1.64;6;9.84
128;89;5.96;3;17.88
129;28;52.67;2;105.34
129;73;5.33;5;26.65
129;74;4.66;9;41.94
130;18;71.06;4;284.24
130;68;3.23;5;16.15
130;79;5.31;7;37.17
131;4;8.58;7;60.06
131;66;2.44;4;9.76
131;82;2.38;7;16.66
132;1;153.48;9;1381.32
132;3;110.12;8;880.96
132;13;8.64;7;60.48
133;8;8.87;7;62.09
133;31;61.97;7;433.79
133;41;41.47;4;165.88
134;12;7.95;2;15.9
134;50;21.26;3;63.78
134;71;2.74;6;16.44
135;36;71.49;1;71.49
135;76;2.86;8;22.88
135;91;3.05;6;18.3
136;61;3.61;2;7.22
136;88;3.17;9;28.53
136;91;1.2;3;3.6
137;53;78.18;8;625.44
137;59;4.95;9;44.55
137;68;5.04;7;35.28
138;25;168.18;2;336.36
138;68;2.73;6;16.38
138;86;2.01;9;18.09
139;20;80.4;8;643.2
139;31;69.81;8;558.48
139;61;4.1;1;4.1
140;4;9.53;2;19.06
140;26;168.55;6;1011.3
140;37;30.84;7;215.88
141;13;6.22;4;24.88
141;19;61.37;2;122.74
141;71;3.45;9;31.05
142;42;60.46;1;60.46
142;69;1.29;8;10.32
142;71;2.87;7;20.09
143;6;7.64;1;7.64
143;24;163.62;4;654.48
143;40;43.28;6;259.68
144;18;84.45;4;337.8
144;61;3.22;1;3.22
144;66;2.08;4;8.32
145;24;109.22;1;109.22
145;53;57.36;1;57.36
145;78;3.76;1;3.76
146;21;43.55;8;348.4
146;33;63.97;9;575.73
146;62;2.71;9;24.39
147;38;31.72;6;190.32
147;42;57.36;8;458.88
147;45;16.37;6;98.22
148;11;8.86;5;44.3
148;61;5.96;6;35.76
148;72;4.53;1;4.53
149;24;138.6;5;693.0
149;29;48.94;8;391.52
149;62;1.43;1;1.43
150;36;75.43;1;75.43
150;77;1.65;6;9.9
150;89;3.95;7;27.65
151;29;47.25;7;330.75
151;35;69.32;1;69.32
151;89;5.62;8;44.96
152;62;5.84;8;46.72
152;76;3.17;7;22.19
152;78;4.53;1;4.53
153;5;7.87;7;55.09
153;8;8.98;2;17.96
153;73;2.68;9;24.12
154;32;38.29;7;268.03
154;83;1.69;4;6.76
154;86;4.25;6;25.5
155;13;7.78;6;46.68
155;18;77.22;7;540.54
155;89;4.25;4;17.0
156;1;138.39;2;276.78
156;66;3.53;7;24.71
156;73;3.5;3;10.5
157;54;77.6;3;232.8
157;73;1.63;7;11.41
157;76;5.67;6;34.02
158;6;6.41;2;12.82
158;30;72.89;7;510.23
158;78;4.61;6;27.66
159;34;39.25;7;274.75
159;65;1.5;6;9.0
159;82;3.01;2;6.02
160;12;7.26;8;58.08
160;14;8.15;2;16.3
160;37;57.11;7;399.77
161;5;6.31;1;6.31
161;26;119.84;7;838.88
161;36;42.43;5;212.15
162;2;116.9;9;1052.1
162;26;96.99;5;484.95
162;32;72.82;2;145.64
163;44;28.23;9;254.07
163;59;3.92;1;3.92
163;75;3.57;1;3.57
164;3;106.1;4;424.4
164;46;23.48;4;93.92
164;59;2.08;7;14.56
165;40;39.09;6;234.54
165;58;47.63;2;95.26
165;88;3.06;4;12.24
166;5;8.24;7;57.68
166;43;18.48;7;129.36
166;65;3.82;5;19.1
167;30;56.08;5;280.4
167;48;20.1;9;180.9
167;51;70.7;3;212.1
168;1;132.92;3;398.76
168;67;1.12;6;6.72
168;87;1.73;1;1.73
169;48;26.36;8;210.88
169;58;59.46;4;237.84
169;60;3.71;9;33.39
170;5;9.56;6;57.36
170;13;7.7;1;7.7
170;86;4.01;6;24.06
171;24;98.8;9;889.2
171;29;55.08;4;220.32
171;75;5.4;2;10.8
172;54;40.59;8;324.72
172;61;2.75;8;22.0
172;82;1.52;4;6.08
173;8;8.17;1;8.17
173;51;39.83;2;79.66
173;82;3.97;8;31.76
174;7;7.64;2;15.28
174;34;63.24;5;316.2
174;45;21.08;5;105.4
175;31;38.76;3;116.28
175;42;38.11;9;342.99
175;86;4.64;3;13.92
176;25;131.51;1;131.51
176;40;73.42;4;293.68
176;45;22.86;3;68.58
177;16;77.87;4;311.48
177;34;59.64;9;536.76
177;59;3.42;7;23.94
178;38;73.98;8;591.84
178;52;43.59;6;261.54
178;90;3.01;1;3.01
179;24;147.41;9;1326.69
179;45;16.17;8;129.36
179;66;1.61;8;12.88
180;20;64.2;2;128.4
180;32;33.85;1;33.85
180;35;68.03;7;476.21
181;36;30.94;4;123.76
181;78;5.99;8;47.92
181;86;1.76;7;12.32
182;63;2.93;6;17.58
182;77;1.46;5;7.3
182;89;5.81;1;5.81
183;22;43.41;3;130.23
183;33;39.69;1;39.69
183;74;1.35;4;5.4
184;31;61.9;9;557.1
184;34;51.02;1;51.02
184;69;4.49;4;17.96
185;16;71.81;6;430.86
185;37;64.97;8;519.76
185;60;3.42;9;30.78
186;38;30.77;7;215.39
186;41;50.48;5;252.4
186;72;2.58;7;18.06
187;3;119.84;9;1078.56
187;4;8.1;5;40.5
187;89;4.72;4;18.88
188;39;43.35;9;390.15
188;56;79.37;8;634.96
188;82;5.54;6;33.24
189;50;27.01;8;216.08
189;69;4.31;6;25.86
189;88;5.03;3;15.09
190;39;51.05;7;357.35
190;67;5.1;9;45.9
190;69;4.99;4;19.96
191;18;79.37;7;555.59
191;64;4.61;4;18.44
191;82;1.52;8;12.16
192;11;8.22;6;49.32
192;16;69.84;3;209.52
192;56;43.04;3;129.12
193;15;7.85;5;39.25
193;29;71.94;4;287.76
193;38;37.49;4;149.96
194;11;8.43;6;50.58
194;40;38.55;6;231.3
194;90;2.02;3;6.06
195;21;37.54;7;262.78
195;57;30.28;4;121.12
195;65;1.5;8;12.0
196;46;24.85;7;173.95
196;79;2.7;8;21.6
196;81;3.95;8;31.6
197;6;8.78;9;79.02
197;20;46.43;9;417.87
197;27;169.28;5;846.4
198;1;150.32;6;901.92
198;2;100.85;1;100.85
198;37;63.41;1;63.41
199;70;1.44;1;1.44
199;80;2.08;4;8.32
199;90;4.15;6;24.9
200;40;74.4;4;297.6
200;41;34.54;8;276.32
200;55;37.43;8;299.44
201;15;8.76;9;78.84
201;64;4.01;2;8.02
201;79;1.82;2;3.64
202;1;142.15;5;710.75
202;66;3.46;2;6.92
202;90;3.45;3;10.35
203;16;80.49;8;643.92
203;20;47.32;4;189.28
203;78;2.0;3;6.0
204;43;26.31;7;184.17
204;58;42.54;7;297.78
204;62;2.8;3;8.4
205;28;46.95;7;328.65
205;67;5.45;4;21.8
205;81;3.82;7;26.74
206;7;9.23;8;73.84
206;16;70.83;7;495.81
206;58;36.3;5;181.5
207;15;6.62;8;52.96
207;61;5.87;3;17.61
207;69;3.62;2;7.24
208;13;9.2;7;64.4
208;71;2.07;8;16.56
208;87;2.34;8;18.72
209;69;2.08;5;10.4
209;71;4.03;2;8.06
209;79;2.26;2;4.52
210;24;175.18;7;1226.26
210;66;3.54;6;21.24
210;86;3.02;2;6.04
211;9;9.17;6;55.02
211;17;77.1;4;308.4
211;36;50.81;1;50.81
212;42;64.41;3;193.23
212;69;3.36;3;10.08
212;72;4.32;4;17.28
213;7;9.36;2;18.72
213;73;5.45;8;43.6
213;78;4.04;8;32.32
214;53;50.34;1;50.34
214;67;1.34;2;2.68
214;72;4.72;4;18.88
215;41;31.25;1;31.25
215;48;20.64;5;103.2
215;78;1.03;3;3.09
216;23;102.72;7;719.04
216;35;64.72;9;582.48
216;63;3.88;9;34.92
217;13;8.34;1;8.34
217;40;63.42;6;380.52
217;41;73.93;1;73.93
218;3;102.17;7;715.19
218;14;7.9;4;31.6
218;77;1.11;1;1.11
219;29;32.9;8;263.2
219;51;82.4;7;576.8
219;57;38.5;7;269.5
220;5;8.64;3;25.92
220;53;85.21;9;766.89
220;86;3.34;1;3.34
221;5;9.9;1;9.9
221;49;22.93;5;114.65
221;51;33.47;5;167.35
222;47;26.61;7;186.27
222;58;40.64;5;203.2
222;81;5.11;4;20.44
223;7;6.09;1;6.09
223;14;8.69;7;60.83
223;88;5.09;4;20.36
224;30;50.34;5;251.7
224;56;81.75;2;163.5
224;84;1.68;7;11.76
225;9;6.02;3;18.06
225;13;9.47;6;56.82
225;37;33.5;4;134.0
226;71;5.66;2;11.32
226;73;4.22;6;25.32
226;76;4.55;9;40.95
227;3;115.0;7;805.0
227;8;6.21;1;6.21
227;57;33.0;5;165.0
228;68;5.91;7;41.37
228;73;4.93;8;39.44
228;78;3.19;6;19.14
229;57;68.12;3;204.36
229;59;2.14;2;4.28
229;89;2.66;4;10.64
230;51;80.7;8;645.6
230;88;3.46;8;27.68
230;89;3.41;9;30.69
231;31;70.2;3;210.6
231;73;3.5;6;21.0
231;81;5.27;5;26.35
232;25;153.84;3;461.52
232;67;2.13;2;4.26
232;86;3.97;1;3.97
233;43;19.41;6;116.46
233;52;85.93;2;171.86
233;70;2.23;5;11.15
234;27;169.13;1;169.13
234;38;38.17;9;343.53
234;46;16.11;2;32.22
235;26;163.25;4;653.0
235;72;2.31;7;16.17
235;76;3.22;9;28.98
236;16;82.4;3;247.2
236;51;32.35;7;226.45
236;80;4.09;5;20.45
237;8;9.31;7;65.17
237;33;69.83;9;628.47
237;90;4.5;1;4.5
238;2;103.34;1;103.34
238;25;135.9;9;1223.1
238;32;43.96;3;131.88
239;3;116.04;4;464.16
239;64;3.91;8;31.28
239;80;1.57;5;7.85
240;41;52.67;7;368.69
240;62;4.73;7;33.11
240;83;5.36;4;21.44
241;15;7.76;2;15.52
241;44;28.28;4;113.12
241;62;4.97;3;14.91
242;12;7.43;4;29.72
242;13;9.9;1;9.9
242;75;4.98;4;19.92
243;43;15.79;7;110.53
243;52;53.04;9;477.36
243;69;5.07;4;20.28
244;35;43.04;1;43.04
244;60;4.5;2;9.0
244;88;1.7;1;1.7
245;13;8.26;2;16.52
245;25;134.8;5;674.0
245;69;2.71;3;8.13
246;6;6.83;1;6.83
246;31;69.92;2;139.84
246;86;4.75;3;14.25
247;3;107.2;1;107.2
247;9;6.97;5;34.85
247;20;65.02;8;520.16
248;3;112.29;9;1010.61
248;42;36.52;8;292.16
248;43;16.88;6;101.28
249;1;119.37;1;119.37
249;5;7.25;4;29.0
249;15;9.59;4;38.36
250;14;6.31;1;6.31
250;16;70.09;2;140.18
250;31;31.12;4;124.48
251;28;64.6;9;581.4
251;36;51.41;2;102.82
251;82;4.55;9;40.95
252;6;8.21;5;41.05
252;50;23.8;8;190.4
252;81;4.02;9;36.18
253;6;8.23;8;65.84
253;78;4.42;2;8.84
253;87;1.72;9;15.48
254;64;3.65;7;25.55
254;65;1.71;2;3.42
254;71;3.32;5;16.6
255;61;1.94;9;17.46
255;63;2.35;5;11.75
255;72;3.5;1;3.5
256;6;9.46;6;56.76
256;9;8.77;5;43.85
256;39;46.69;3;140.07
257;6;6.03;8;48.24
257;68;1.11;3;3.33
257;81;3.13;7;21.91
258;25;97.92;7;685.44
258;27;144.4;2;288.8
258;91;5.94;8;47.52
259;25;112.67;7;788.69
259;41;54.66;9;491.94
259;75;2.76;9;24.84
260;73;5.79;1;5.79
260;78;4.45;5;22.25
260;85;4.01;8;32.08
261;2;115.55;4;462.2
261;33;70.23;4;280.92
261;74;4.48;3;13.44
262;24;118.55;1;118.55
262;39;55.15;4;220.6
262;91;2.94;6;17.64
263;25;110.63;5;553.15
263;39;52.81;5;264.05
263;48;21.12;3;63.36
264;5;8.76;5;43.8
264;63;5.51;1;5.51
264;76;2.24;5;11.2
265;42;49.37;5;246.85
265;75;5.91;7;41.37
265;88;5.16;2;10.32
266;9;8.49;4;33.96
266;71;5.6;3;16.8
266;90;3.71;1;3.71
267;1;141.28;6;847.68
267;27;101.88;6;611.28
267;83;3.95;5;19.75
268;41;44.1;7;308.7
268;44;29.46;2;58.92
268;56;80.56;8;644.48
269;7;8.67;4;34.68
269;43;17.86;7;125.02
269;77;5.79;5;28.95
270;5;8.72;2;17.44
270;71;1.51;3;4.53
270;80;5.24;1;5.24
271;31;60.32;8;482.56
271;55;85.41;6;512.46
271;58;54.91;9;494.19
272;53;39.82;7;278.74
272;71;3.39;3;10.17
272;81;4.05;5;20.25
273;36;52.85;2;105.7
273;49;19.18;2;38.36
273;75;5.54;9;49.86
274;1;152.3;2;304.6
274;11;6.72;4;26.88
274;86;3.76;9;33.84
275;5;8.53;1;8.53
275;10;8.85;5;44.25
275;44;29.06;4;116.24
276;28;64.62;6;387.72
276;55;43.43;5;217.15
276;59;4.32;9;38.88
277;12;9.66;8;77.28
277;65;1.88;2;3.76
277;80;3.77;1;3.77
278;51;44.36;7;310.52
278;73;4.15;3;12.45
278;90;5.39;3;16.17
279;32;35.7;7;249.9
279;50;25.62;7;179.34
279;81;3.95;3;11.85
280;32;73.35;8;586.8
280;34;58.32;6;349.92
280;41;53.04;8;424.32
281;13;6.72;1;6.72
281;16;77.31;9;695.79
281;33;38.85;9;349.65
282;25;105.75;6;634.5
282;63;1.68;1;1.68
282;64;4.63;9;41.67
283;39;41.24;8;329.92
283;85;3.84;1;3.84
283;88;1.06;9;9.54
284;12;9.74;7;68.18
284;24;144.02;5;720.1
284;64;5.97;9;53.73
285;29;55.73;7;390.11
285;75;5.32;3;15.96
285;90;5.35;2;10.7
286;26;170.36;1;170.36
286;46;27.29;9;245.61
286;50;27.42;5;137.1
287;6;8.5;4;34.0
287;45;28.16;8;225.28
287;61;4.15;5;20.75
288;14;9.09;1;9.09
288;35;48.18;3;144.54
288;77;2.14;6;12.84
289;48;18.68;2;37.36
289;68;2.02;9;18.18
289;83;5.4;4;21.6
290;6;6.7;8;53.6
290;10;9.84;6;59.04
290;29;68.41;9;615.69
291;12;8.84;6;53.04
291;72;1.99;9;17.91
291;73;2.91;9;26.19
292;15;9.39;9;84.51
292;37;55.42;8;443.36
292;40;51.02;8;408.16
293;15;7.76;5;38.8
293;17;93.73;6;562.38
293;50;25.23;5;126.15
294;5;6.76;7;47.32
294;23;119.09;6;714.54
294;36;72.17;4;288.68
295;5;6.21;8;49.68
295;73;5.27;8;42.16
295;83;1.08;3;3.24
296;23;119.03;8;952.24
296;29;68.44;4;273.76
296;55;34.4;6;206.4
297;21;43.94;5;219.7
297;37;65.28;5;326.4
297;60;1.05;5;5.25
298;17;95.49;4;381.96
298;68;3.9;5;19.5
298;81;3.9;6;23.4
299;11;6.64;8;53.12
299;14;9.81;4;39.24
299;59;3.89;2;7.78
300;10;8.39;6;50.34
300;45;18.13;9;163.17
300;83;4.14;2;8.28
301;13;9.71;8;77.68
301;63;4.08;3;12.24
301;68;1.84;2;3.68
302;50;24.56;4;98.24
302;83;1.41;5;7.05
302;84;1.29;2;2.58
303;40;74.51;8;596.08
303;71;1.64;3;4.92
303;83;4.38;3;13.14
304;26;148.97;3;446.91
304;31;65.26;8;522.08
304;68;2.8;8;22.4
305;10;7.26;4;29.04
305;22;83.13;1;83.13
305;72;4.87;7;34.09
306;4;9.89;7;69.23
306;46;20.7;8;165.6
306;51;58.58;8;468.64
307;10;9.0;3;27.0
307;41;44.09;5;220.45
307;90;1.15;6;6.9
308;4;9.98;6;59.88
308;39;67.93;4;271.72
308;70;2.53;7;17.71
309;60;3.68;1;3.68
309;74;5.3;8;42.4
309;91;4.51;1;4.51
310;7;7.18;6;43.08
310;31;32.06;5;160.3
310;84;5.6;1;5.6
311;9;8.62;5;43.1
311;56;31.03;8;248.24
311;85;1.14;1;1.14
312;72;2.32;6;13.92
312;84;5.25;1;5.25
312;86;4.27;1;4.27
313;62;4.21;3;12.63
313;73;4.2;9;37.8
313;86;5.08;6;30.48
314;19;59.64;6;357.84
314;74;4.35;1;4.35
314;90;3.08;9;27.72
315;45;14.99;1;14.99
315;50;25.7;6;154.2
315;55;74.82;8;598.56
316;17;85.2;7;596.4
316;77;1.42;3;4.26
316;80;3.67;4;14.68
317;25;129.26;2;258.52
317;49;28.38;3;85.14
317;55;66.02;8;528.16
318;7;9.88;4;39.52
318;12;8.49;9;76.41
318;76;4.79;8;38.32
319;22;50.26;2;100.52
319;56;75.75;5;378.75
319;73;4.13;9;37.17
320;1;116.43;7;815.01
320;15;8.42;3;25.26
320;69;3.07;7;21.49
321;16;82.34;8;658.72
321;23;116.02;1;116.02
321;35;43.36;5;216.8
322;22;36.92;5;184.6
322;41;66.78;9;601.02
322;66;5.32;3;15.96
323;36;32.85;5;164.25
323;55;60.7;4;242.8
323;66;3.29;5;16.45
324;17;85.11;1;85.11
324;58;81.3;3;243.9
324;61;2.54;4;10.16
325;23;91.5;6;549.0
325;44;23.28;4;93.12
325;88;5.05;7;35.35
326;4;6.72;7;47.04
326;47;19.15;6;114.9
326;56;55.87;8;446.96
327;21;96.78;8;774.24
327;64;1.17;1;1.17
327;67;3.55;1;3.55
328;4;9.01;2;18.02
328;63;2.5;4;10.0
328;81;5.01;7;35.07
329;50;16.86;7;118.02
329;76;1.56;5;7.8
329;85;4.54;9;40.86
330;7;8.43;5;42.15
330;13;7.72;7;54.04
330;41;50.69;1;50.69
331;12;6.94;2;13.88
331;45;15.87;4;63.48
331;81;1.14;3;3.42
332;62;1.53;1;1.53
332;64;1.93;9;17.37
332;74;1.38;9;12.42
333;36;37.93;2;75.86
333;57;73.06;3;219.18
333;63;3.09;2;6.18
334;29;34.1;3;102.3
334;59;2.54;2;5.08
334;67;2.27;5;11.35
335;17;98.75;4;395.0
335;18;95.0;2;190.0
335;42;71.24;5;356.2
336;1;134.84;3;404.52
336;25;98.09;4;392.36
336;79;3.48;4;13.92
337;15;9.22;9;82.98
337;67;2.78;8;22.24
337;75;2.26;3;6.78
338;18;84.64;6;507.84
338;38;49.76;1;49.76
338;44;27.34;5;136.7
339;1;137.69;8;1101.52
339;43;21.8;4;87.2
339;71;4.09;9;36.81
340;55;70.89;9;638.01
340;58;85.44;5;427.2
340;71;5.6;1;5.6
341;4;6.61;5;33.05
341;8;8.9;5;44.5
341;17;76.68;7;536.76
342;41;42.15;8;337.2
342;51;32.35;6;194.1
342;69;2.81;8;22.48
343;66;3.65;8;29.2
343;75;3.97;5;19.85
343;89;3.88;1;3.88
344;38;33.14;7;231.98
344;62;2.24;2;4.48
344;84;3.22;9;28.98
345;44;23.75;3;71.25
345;47;26.54;7;185.78
345;86;4.05;3;12.15
346;44;28.83;8;230.64
346;65;1.81;3;5.43
346;76;5.3;8;42.4
347;12;6.9;4;27.6
347;49;22.8;3;68.4
347;82;1.96;2;3.92
348;10;7.16;3;21.48
348;53;58.67;4;234.68
348;69;4.57;2;9.14
349;4;8.71;2;17.42
349;10;6.86;1;6.86
349;17;79.93;7;559.51
350;17;91.93;1;91.93
350;45;29.29;4;117.16
350;50;18.08;9;162.72
351;53;57.36;5;286.8
351;70;4.81;5;24.05
351;83;5.03;3;15.09
352;19;99.17;2;198.34
352;34;55.38;4;221.52
352;70;2.19;1;2.19
353;9;6.99;6;41.94
353;59;1.95;3;5.85
353;62;1.43;2;2.86
354;46;18.74;3;56.22
354;58;51.05;4;204.2
354;70;4.08;5;20.4
355;13;7.92;4;31.68
355;66;2.75;2;5.5
355;76;1.96;4;7.84
356;18;79.48;9;715.32
356;52;33.62;4;134.48
356;72;2.86;1;2.86
357;40;72.83;5;364.15
357;50;26.95;6;161.7
357;58;59.96;9;539.64
358;23;164.67;3;494.01
358;25;148.3;3;444.9
358;58;51.59;7;361.13
359;3;103.38;3;310.14
359;55;59.29;4;237.16
359;82;5.29;9;47.61
360;5;6.12;8;48.96
360;36;46.3;4;185.2
360;88;4.5;4;18.0
361;33;52.16;4;208.64
361;42;52.93;4;211.72
361;51;32.05;5;160.25
362;33;59.49;4;237.96
362;51;56.09;1;56.09
362;78;3.44;8;27.52
363;36;62.12;5;310.6
363;38;67.38;6;404.28
363;89;4.9;7;34.3
364;4;9.28;6;55.68
364;7;7.66;4;30.64
364;18;98.24;5;491.2
365;32;39.98;1;39.98
365;65;3.25;2;6.5
365;69;2.74;2;5.48
366;9;9.07;5;45.35
366;81;4.47;5;22.35
366;84;2.91;2;5.82
367;4;6.14;7;42.98
367;46;18.22;6;109.32
367;74;5.96;7;41.72
368;54;33.39;6;200.34
368;77;5.11;2;10.22
368;91;5.21;9;46.89
369;7;9.86;7;69.02
369;66;4.28;4;17.12
369;72;1.5;6;9.0
370;67;2.18;7;15.26
370;68;3.3;4;13.2
370;73;4.84;4;19.36
371;21;81.2;7;568.4
371;31;74.56;2;149.12
371;88;2.76;7;19.32
372;30;55.87;4;223.48
372;58;72.23;3;216.69
372;64;2.01;3;6.03
373;6;7.97;8;63.76
373;76;2.4;3;7.2
373;91;3.12;2;6.24
374;38;64.24;9;578.16
374;87;1.98;4;7.92
374;91;5.05;1;5.05
375;5;9.57;4;38.28
375;60;1.56;1;1.56
375;86;2.7;5;13.5
376;64;5.45;3;16.35
376;74;1.37;5;6.85
376;88;4.75;3;14.25
377;40;64.25;3;192.75
377;54;55.09;7;385.63
377;57;56.92;8;455.36
378;9;8.4;8;67.2
378;74;2.44;1;2.44
378;88;1.3;9;11.7
379;2;110.38;3;331.14
379;36;34.95;6;209.7
379;47;29.94;5;149.7
380;30;33.38;7;233.66
380;33;47.35;7;331.45
380;79;3.25;6;19.5
381;17;91.76;6;550.56
381;55;40.33;6;241.98
381;85;3.68;4;14.72
382;30;65.22;6;391.32
382;35;67.72;7;474.04
382;68;5.36;2;10.72
383;42;43.74;2;87.48
383;75;2.88;5;14.4
383;87;4.42;6;26.52
384;59;1.17;3;3.51
384;66;5.88;5;29.4
384;89;1.3;3;3.9
385;8;8.22;9;73.98
385;23;98.41;6;590.46
385;31;75.23;5;376.15
386;14;8.93;1;8.93
386;23;103.9;7;727.3
386;74;4.29;2;8.58
387;38;45.25;4;181.0
387;65;2.51;3;7.53
387;71;4.59;9;41.31
388;12;9.13;6;54.78
388;20;37.61;1;37.61
388;53;37.96;7;265.72
389;15;8.26;2;16.52
389;70;1.01;1;1.01
389;83;2.87;8;22.96
390;6;9.96;5;49.8
390;13;9.3;1;9.3
390;15;6.82;1;6.82
391;5;6.22;2;12.44
391;30;34.1;2;68.2
391;39;57.92;8;463.36
392;2;109.05;5;545.25
392;11;9.98;7;69.86
392;48;24.21;8;193.68
393;16;72.21;2;144.42
393;76;3.42;2;6.84
393;82;3.31;6;19.86
394;7;9.1;8;72.8
394;61;2.7;9;24.3
394;68;4.19;7;29.33
395;1;128.14;6;768.84
395;70;5.9;8;47.2
395;74;2.23;3;6.69
396;5;8.97;6;53.82
396;57;81.76;2;163.52
396;91;2.68;3;8.04
397;19;49.46;2;98.92
397;45;22.06;9;198.54
397;49;27.21;5;136.05
398;6;8.82;2;17.64
398;35;47.76;8;382.08
398;52;75.09;2;150.18
399;3;117.65;3;352.95
399;16;89.16;8;713.28
399;31;72.53;4;290.12
400;8;7.01;1;7.01
400;46;17.31;8;138.48
400;56;32.46;1;32.46
401;35;69.17;3;207.51
401;63;4.28;9;38.52
401;69;4.1;8;32.8
402;42;72.41;5;362.05
402;50;15.76;9;141.84
402;90;2.02;3;6.06
403;23;156.52;8;1252.16
403;51;44.22;3;132.66
403;73;1.92;2;3.84
404;28;30.82;5;154.1
404;59;1.62;8;12.96
404;60;1.85;6;11.1
405;2;110.81;6;664.86
405;10;7.44;9;66.96
405;35;45.08;6;270.48
406;48;15.8;5;79.0
406;58;73.73;3;221.19
406;73;5.35;9;48.15
407;14;9.55;5;47.75
407;17;87.83;5;439.15
407;66;2.89;4;11.56
408;4;8.23;2;16.46
408;72;5.49;5;27.45
408;91;3.89;2;7.78
409;10;8.14;3;24.42
409;45;15.84;3;47.52
409;83;4.31;6;25.86
410;13;9.23;9;83.07
410;37;46.6;8;372.8
410;67;1.91;3;5.73
411;14;9.47;7;66.29
411;26;120.69;1;120.69
411;83;4.54;3;13.62
412;7;9.02;5;45.1
412;48;23.24;7;162.68
412;74;1.4;4;5.6
413;7;7.5;2;15.0
413;8;8.71;9;78.39
413;86;5.14;5;25.7
414;19;98.75;6;592.5
414;29;62.46;8;499.68
414;34;47.51;4;190.04
415;15;9.2;4;36.8
415;39;52.09;5;260.45
415;40;54.62;3;163.86
416;27;119.17;8;953.36
416;39;74.31;4;297.24
416;91;2.75;7;19.25
417;11;9.55;3;28.65
417;21;42.09;2;84.18
417;34;53.91;4;215.64
418;4;7.35;9;66.15
418;6;6.2;3;18.6
418;60;2.68;8;21.44
419;62;3.62;1;3.62
419;81;5.58;8;44.64
419;91;3.87;5;19.35
420;26;177.63;9;1598.67
420;50;16.0;4;64.0
420;60;3.26;4;13.04
421;20;42.37;3;127.11
421;46;25.36;6;152.16
421;64;3.14;9;28.26
422;3;111.99;4;447.96
422;6;8.02;1;8.02
422;81;2.71;7;18.97
423;1;157.64;4;630.56
423;7;9.05;6;54.3
423;10;9.4;9;84.6
424;14;8.27;6;49.62
424;32;64.77;7;453.39
424;57;56.59;8;452.72
425;16;83.82;8;670.56
425;40;37.4;3;112.2
425;74;2.67;5;13.35
426;16;75.47;1;75.47
426;69;4.03;3;12.09
426;71;1.45;8;11.6
427;42;62.67;6;376.02
427;71;1.32;2;2.64
427;73;3.55;1;3.55
428;35;48.81;5;244.05
428;62;3.1;1;3.1
428;74;5.6;7;39.2
429;14;6.44;7;45.08
429;47;28.95;3;86.85
429;58;49.44;3;148.32
430;26;93.37;8;746.96
430;42;36.87;5;184.35
430;46;19.99;5;99.95
431;13;7.98;6;47.88
431;27;120.72;7;845.04
431;62;5.28;2;10.56
432;8;6.41;1;6.41
432;64;3.05;9;27.45
432;74;5.21;6;31.26
433;25;131.32;1;131.32
433;61;1.66;1;1.66
433;78;2.86;1;2.86
434;8;9.07;3;27.21
434;16;77.5;6;465.0
434;27;97.53;1;97.53
435;58;43.95;4;175.8
435;65;3.77;6;22.62
435;87;2.26;6;13.56
436;11;8.65;6;51.9
436;75;4.84;9;43.56
436;77;3.62;3;10.86
437;17;90.8;7;635.6
437;53;51.26;9;461.34
437;67;3.96;1;3.96
438;40;74.94;9;674.46
438;74;4.37;4;17.48
438;78;2.69;7;18.83
439;2;104.48;3;313.44
439;16;80.33;9;722.97
439;33;74.81;1;74.81
440;13;7.57;1;7.57
440;42;69.26;7;484.82
440;87;3.11;9;27.99
441;38;67.97;1;67.97
441;40;62.34;7;436.38
441;87;3.1;4;12.4
442;17;91.45;1;91.45
442;33;55.36;4;221.44
442;36;56.88;6;341.28
443;47;26.35;3;79.05
443;63;5.88;7;41.16
443;84;4.07;8;32.56
444;12;9.92;8;79.36
444;21;88.02;3;264.06
444;48;28.48;6;170.88
445;13;9.85;9;88.65
445;44;26.1;2;52.2
445;59;5.12;9;46.08
446;46;24.46;4;97.84
446;51;84.13;5;420.65
446;73;2.65;5;13.25
447;33;70.11;9;630.99
447;42;36.45;4;145.8
447;43;20.39;8;163.12
448;9;7.33;3;21.99
448;16;87.59;5;437.95
448;82;5.67;3;17.01
449;10;8.11;5;40.55
449;20;90.68;8;725.44
449;23;114.35;2;228.7
450;2;110.08;2;220.16
450;44;22.56;5;112.8
450;87;3.31;7;23.17
451;23;148.38;3;445.14
451;38;33.42;9;300.78
451;49;23.5;3;70.5
452;23;148.04;5;740.2
452;54;53.02;9;477.18
452;61;3.08;5;15.4
453;40;48.78;9;439.02
453;80;1.26;9;11.34
453;88;5.82;6;34.92
454;25;122.24;1;122.24
454;51;53.22;6;319.32
454;79;5.56;7;38.92
455;15;7.58;4;30.32
455;32;67.47;9;607.23
455;58;35.45;2;70.9
456;37;33.99;9;305.91
456;39;71.62;4;286.48
456;60;1.17;3;3.51
457;8;9.8;3;29.4
457;81;5.85;6;35.1
457;83;1.33;1;1.33
458;12;6.43;4;25.72
458;29;40.44;5;202.2
458;59;3.71;1;3.71
459;2;115.46;1;115.46
459;31;58.25;4;233.0
459;82;3.88;1;3.88
460;5;9.87;2;19.74
460;8;9.61;7;67.27
460;51;42.58;1;42.58
461;16;73.01;7;511.07
461;26;174.8;8;1398.4
461;75;3.88;6;23.28
462;45;18.69;6;112.14
462;59;2.83;5;14.15
462;75;4.11;9;36.99
463;28;60.07;5;300.35
463;40;56.6;2;113.2
463;77;4.24;4;16.96
464;19;94.62;1;94.62
464;73;5.35;5;26.75
464;79;1.08;2;2.16
465;9;6.31;3;18.93
465;64;5.0;2;10.0
465;89;5.16;8;41.28
466;6;7.55;5;37.75
466;26;113.99;4;455.96
466;32;44.41;5;222.05
467;7;7.34;5;36.7
467;14;7.73;8;61.84
467;17;69.28;7;484.96
468;6;9.6;1;9.6
468;52;70.12;3;210.36
468;76;4.25;4;17.0
469;1;153.7;7;1075.9
469;38;57.34;9;516.06
469;44;27.14;3;81.42
470;15;7.02;3;21.06
470;17;89.5;7;626.5
470;57;75.78;8;606.24
471;31;54.7;7;382.9
471;51;60.97;3;182.91
471;88;3.81;8;30.48
472;12;9.14;7;63.98
472;14;8.73;8;69.84
472;38;65.14;7;455.98
473;25;124.42;3;373.26
473;33;75.17;8;601.36
473;51;64.33;3;192.99
474;35;68.03;4;272.12
474;67;5.5;6;33.0
474;76;5.75;8;46.0
475;7;6.29;1;6.29
475;25;150.61;3;451.83
475;68;3.72;2;7.44
476;22;76.7;2;153.4
476;34;47.56;1;47.56
476;46;24.91;2;49.82
477;27;143.36;3;430.08
477;54;45.32;1;45.32
477;78;5.51;2;11.02
478;24;138.93;6;833.58
478;62;1.01;6;6.06
478;64;5.98;6;35.88
479;1;135.53;4;542.12
479;19;68.44;9;615.96
479;49;17.03;8;136.24
480;49;16.47;7;115.29
480;67;5.88;7;41.16
480;78;5.81;8;46.48
481;25;103.95;9;935.55
481;27;101.87;1;101.87
481;60;3.95;8;31.6
482;59;4.37;6;26.22
482;73;3.27;4;13.08
482;89;3.9;6;23.4
483;4;7.33;5;36.65
483;52;45.76;2;91.52
483;66;5.65;8;45.2
484;37;47.86;9;430.74
484;54;36.41;1;36.41
484;76;5.62;4;22.48
485;39;33.54;4;134.16
485;49;23.66;5;118.3
485;91;2.16;9;19.44
486;14;8.32;1;8.32
486;42;59.09;8;472.72
486;45;26.12;7;182.84
487;49;27.08;6;162.48
487;52;85.55;1;85.55
487;71;1.52;5;7.6
488;21;99.56;1;99.56
488;39;65.7;8;525.6
488;91;5.34;8;42.72
489;23;100.46;9;904.14
489;68;3.93;5;19.65
489;72;4.7;8;37.6
490;2;116.33;3;348.99
490;32;38.27;7;267.89
490;46;28.06;7;196.42
491;43;25.96;8;207.68
491;49;19.17;1;19.17
491;78;4.01;4;16.04
492;3;105.13;7;735.91
492;13;8.2;7;57.4
492;62;3.97;5;19.85
493;39;31.62;2;63.24
493;49;25.05;4;100.2
493;63;2.5;8;20.0
494;49;29.09;8;232.72
494;66;3.93;7;27.51
494;69;4.38;9;39.42
495;3;101.95;5;509.75
495;52;47.31;1;47.31
495;54;57.21;8;457.68
496;17;80.38;2;160.76
496;64;4.98;1;4.98
496;81;3.07;3;9.21
497;12;8.31;7;58.17
497;28;42.86;4;171.44
497;63;2.34;2;4.68
498;24;137.72;5;688.6
498;36;68.29;9;614.61
498;88;2.04;3;6.12
499;2;104.15;4;416.6
499;76;5.56;7;38.92
499;79;5.59;9;50.31
500;8;6.63;7;46.41
500;84;1.92;2;3.84
500;90;4.4;1;4.4
501;25;163.75;2;327.5
501;30;73.14;7;511.98
501;64;1.65;8;13.2
502;38;50.36;7;352.52
502;48;23.05;5;115.25
502;55;67.47;2;134.94
503;12;9.67;1;9.67
503;85;1.53;2;3.06
503;88;5.4;6;32.4
504;4;8.49;4;33.96
504;13;6.72;9;60.48
504;79;1.31;1;1.31
505;8;6.87;5;34.35
505;11;8.33;9;74.97
505;81;3.95;5;19.75
506;33;74.76;5;373.8
506;61;1.45;3;4.35
506;85;5.07;5;25.35
507;79;4.23;5;21.15
507;82;2.38;9;21.42
507;86;3.57;4;14.28
508;7;6.03;9;54.27
508;9;7.02;5;35.1
508;90;4.5;5;22.5
509;13;6.86;6;41.16
509;31;40.47;5;202.35
509;63;4.4;6;26.4
510;23;143.29;9;1289.61
510;29;75.01;3;225.03
510;85;2.93;2;5.86
511;22;61.92;4;247.68
511;67;2.29;9;20.61
511;77;5.49;4;21.96
512;33;64.14;6;384.84
512;48;18.38;5;91.9
512;52;80.19;6;481.14
513;55;41.56;6;249.36
513;74;5.6;8;44.8
513;79;4.17;2;8.34
514;1;149.1;3;447.3
514;30;62.97;9;566.73
514;45;28.67;4;114.68
515;68;5.19;2;10.38
515;69;4.83;5;24.15
515;87;5.45;5;27.25
516;14;9.11;9;81.99
516;18;99.25;6;595.5
516;41;34.33;8;274.64
517;54;43.38;9;390.42
517;69;1.29;6;7.74
517;90;2.67;6;16.02
518;3;119.68;5;598.4
518;43;27.87;2;55.74
518;88;1.37;8;10.96
519;5;6.96;5;34.8
519;28;38.74;9;348.66
519;89;3.69;3;11.07
520;13;7.49;7;52.43
520;42;62.08;9;558.72
520;72;2.39;8;19.12
521;3;111.69;2;223.38
521;20;79.06;6;474.36
521;27;131.65;6;789.9
522;7;7.36;5;36.8
522;24;117.01;5;585.05
522;51;49.7;2;99.4
523;18;90.78;8;726.24
523;33;55.51;2;111.02
523;59;2.49;2;4.98
524;30;75.44;2;150.88
524;73;2.13;1;2.13
524;89;4.85;9;43.65
525;58;81.15;4;324.6
525;61;2.55;2;5.1
525;68;1.85;8;14.8
526;18;88.85;2;177.7
526;35;64.23;4;256.92
526;77;2.88;9;25.92
527;59;3.21;2;6.42
527;64;4.63;2;9.26
527;91;4.02;9;36.18
528;5;9.41;4;37.64
528;58;69.08;2;138.16
528;89;1.62;8;12.96
529;15;9.79;2;19.58
529;25;170.91;2;341.82
529;79;4.3;3;12.9
530;1;124.62;8;996.96
530;20;73.8;1;73.8
530;84;4.49;1;4.49
531;34;60.27;2;120.54
531;41;52.71;3;158.13
531;66;3.82;9;34.38
532;33;72.17;8;577.36
532;41;53.65;1;53.65
532;42;65.19;4;260.76
533;48;28.92;7;202.44
533;50;16.29;5;81.45
533;68;3.35;4;13.4
534;12;6.54;2;13.08
534;49;19.81;1;19.81
534;82;2.33;9;20.97
535;38;52.23;1;52.23
535;74;1.69;1;1.69
535;83;2.49;1;2.49
536;32;46.8;2;93.6
536;52;50.57;7;353.99
536;76;5.69;1;5.69
537;11;6.62;8;52.96
537;15;8.77;6;52.62
537;33;75.02;1;75.02
538;8;7.2;1;7.2
538;79;1.62;3;4.86
538;82;1.2;6;7.2
539;4;9.89;7;69.23
539;17;87.76;9;789.84
539;35;37.5;7;262.5
540;7;9.39;8;75.12
540;37;47.96;9;431.64
540;38;39.53;4;158.12
541;34;35.96;5;179.8
541;70;3.19;7;22.33
541;73;2.31;1;2.31
542;10;8.49;9;76.41
542;20;82.64;7;578.48
542;71;1.82;7;12.74
543;33;39.54;2;79.08
543;49;20.6;3;61.8
543;89;4.33;8;34.64
544;20;85.68;5;428.4
544;52;59.97;4;239.88
544;65;5.6;6;33.6
545;16;97.22;1;97.22
545;30;39.52;2;79.04
545;53;75.01;1;75.01
546;7;7.02;1;7.02
546;19;92.1;5;460.5
546;49;20.84;7;145.88
547;39;55.11;1;55.11
547;66;1.73;7;12.11
547;69;3.71;4;14.84
548;2;110.97;9;998.73
548;48;24.19;4;96.76
548;62;3.76;3;11.28
549;33;30.52;5;152.6
549;51;41.32;1;41.32
549;77;2.97;1;2.97
550;15;8.24;8;65.92
550;71;4.82;7;33.74
550;83;1.82;7;12.74
551;27;93.62;2;187.24
551;45;26.23;7;183.61
551;79;4.31;6;25.86
552;48;26.16;3;78.48
552;73;3.35;7;23.45
552;78;5.42;6;32.52
553;35;75.26;6;451.56
553;44;28.11;7;196.77
553;54;33.6;4;134.4
554;26;154.1;5;770.5
554;29;36.48;7;255.36
554;60;3.82;9;34.38
555;23;96.0;8;768.0
555;68;4.55;2;9.1
555;89;1.84;3;5.52
556;44;26.11;4;104.44
556;47;27.34;1;27.34
556;61;3.24;6;19.44
557;39;40.17;5;200.85
557;81;3.9;9;35.1
557;90;1.24;5;6.2
558;5;8.69;6;52.14
558;72;5.31;7;37.17
558;85;4.33;3;12.99
559;26;98.64;3;295.92
559;53;64.56;7;451.92
559;69;5.09;3;15.27
560;13;9.33;8;74.64
560;39;56.0;9;504.0
560;54;59.31;3;177.93
561;42;59.68;3;179.04
561;65;3.15;2;6.3
561;83;1.14;5;5.7
562;26;99.83;6;598.98
562;50;27.86;9;250.74
562;79;2.67;2;5.34
563;70;5.07;6;30.42
563;76;1.09;6;6.54
563;91;2.12;3;6.36
564;15;6.31;3;18.93
564;16;88.41;1;88.41
564;47;16.98;9;152.82
565;12;6.04;5;30.2
565;34;34.97;2;69.94
565;84;3.77;9;33.93
566;38;30.12;9;271.08
566;41;34.24;3;102.72
566;90;5.34;5;26.7
567;3;119.7;8;957.6
567;17;92.29;7;646.03
567;35;34.93;3;104.79
568;41;68.1;1;68.1
568;50;25.46;9;229.14
568;82;3.72;7;26.04
569;1;151.13;8;1209.04
569;17;99.43;3;298.29
569;50;25.22;1;25.22
570;26;112.75;6;676.5
570;56;29.99;6;179.94
570;64;4.84;4;19.36
571;33;40.56;4;162.24
571;42;33.63;6;201.78
571;86;1.24;7;8.68
572;39;44.4;3;133.2
572;57;42.22;5;211.1
572;61;5.41;8;43.28
573;1;154.83;1;154.83
573;46;22.36;1;22.36
573;58;33.06;8;264.48
574;41;60.86;8;486.88
574;42;61.78;5;308.9
574;73;1.82;5;9.1
575;62;2.06;8;16.48
575;67;3.52;7;24.64
575;82;2.17;3;6.51
576;29;44.3;9;398.7
576;44;20.17;2;40.34
576;69;2.63;3;7.89
577;18;95.58;5;477.9
577;51;64.5;5;322.5
577;81;4.43;9;39.87
578;58;48.68;3;146.04
578;61;2.42;4;9.68
578;64;3.23;4;12.92
579;7;8.29;9;74.61
579;58;70.64;3;211.92
579;63;4.92;6;29.52
580;50;17.16;2;34.32
580;71;1.57;4;6.28
580;91;4.15;3;12.45
581;17;72.6;4;290.4
581;48;25.51;8;204.08
581;89;5.65;3;16.95
582;22;59.07;3;177.21
582;24;104.66;5;523.3
582;86;1.49;5;7.45
583;10;6.22;7;43.54
583;39;42.89;8;343.12
583;80;2.32;6;13.92
584;6;9.62;1;9.62
584;33;57.29;7;401.03
584;69;5.35;2;10.7
585;10;8.5;5;42.5
585;61;4.76;9;42.84
585;91;1.51;8;12.08
586;26;106.85;9;961.65
586;35;30.1;3;90.3
586;75;2.87;4;11.48
587;10;7.08;4;28.32
587;31;53.21;5;266.05
587;49;16.87;7;118.09
588;6;8.93;6;53.58
588;31;50.45;7;353.15
588;58;41.44;4;165.76
589;3;103.49;5;517.45
589;33;37.27;4;149.08
589;86;5.63;6;33.78
590;42;64.25;2;128.5
590;46;21.05;2;42.1
590;84;1.26;7;8.82
591;44;24.74;3;74.22
591;49;23.41;1;23.41
591;90;1.13;6;6.78
592;21;55.79;6;334.74
592;43;22.39;2;44.78
592;47;28.88;8;231.04
593;25;116.21;7;813.47
593;72;1.61;8;12.88
593;89;5.45;5;27.25
594;5;8.23;6;49.38
594;17;78.15;3;234.45
594;24;174.43;9;1569.87
595;22;79.37;3;238.11
595;57;66.53;2;133.06
595;59;3.68;9;33.12
596;15;9.49;4;37.96
596;30;67.01;4;268.04
596;54;37.95;5;189.75
597;5;8.21;4;32.84
597;18;99.34;2;198.68
597;29;40.92;6;245.52
598;23;111.87;5;559.35
598;56;83.6;7;585.2
598;89;4.11;7;28.77
599;1;133.96;1;133.96
599;25;141.58;2;283.16
599;90;4.55;3;13.65
600;45;25.11;7;175.77
600;62;4.55;7;31.85
600;81;2.46;9;22.14
601;30;38.16;9;343.44
601;41;36.25;5;181.25
601;58;68.87;9;619.83
602;1;141.52;7;990.64
602;4;9.25;3;27.75
602;18;84.89;8;679.12
603;1;141.94;7;993.58
603;67;3.31;5;16.55
603;70;2.82;8;22.56
604;25;134.67;2;269.34
604;54;80.81;5;404.05
604;91;5.87;4;23.48
605;17;88.62;9;797.58
605;26;114.78;3;344.34
605;53;53.69;2;107.38
606;2;103.22;6;619.32
606;35;51.67;9;465.03
606;68;2.22;6;13.32
607;41;55.55;7;388.85
607;54;46.76;7;327.32
607;61;1.87;9;16.83
608;49;28.42;5;142.1
608;57;34.45;9;310.05
608;87;3.57;9;32.13
609;36;39.56;2;79.12
609;48;22.02;7;154.14
609;56;73.12;8;584.96
610;41;32.47;9;292.23
610;58;42.71;5;213.55
610;90;4.91;2;9.82
611;32;45.71;4;182.84
611;38;43.05;9;387.45
611;62;1.02;2;2.04
612;52;40.26;7;281.82
612;75;2.42;3;7.26
612;89;1.84;7;12.88
613;10;9.43;2;18.86
613;20;90.77;3;272.31
613;23;175.47;6;1052.82
614;16;99.02;1;99.02
614;47;25.41;4;101.64
614;67;1.65;7;11.55
615;4;7.84;7;54.88
615;17;98.4;6;590.4
615;45;18.96;7;132.72
616;48;26.25;2;52.5
616;60;1.11;8;8.88
616;63;4.39;9;39.51
617;17;75.8;4;303.2
617;35;35.47;5;177.35
617;39;57.36;8;458.88
618;56;84.24;4;336.96
618;81;1.36;5;6.8
618;85;4.69;4;18.76
619;58;39.77;8;318.16
619;66;5.2;4;20.8
619;83;3.04;4;12.16
620;3;112.45;3;337.35
620;43;22.0;3;66.0
620;55;54.9;1;54.9
621;10;9.97;4;39.88
621;19;66.59;5;332.95
621;41;48.75;3;146.25
622;2;107.34;9;966.06
622;48;23.5;9;211.5
622;74;3.07;3;9.21
623;51;75.09;6;450.54
623;61;1.36;3;4.08
623;72;5.39;2;10.78
624;86;1.86;2;3.72
624;87;3.48;3;10.44
624;89;1.52;1;1.52
625;21;73.01;8;584.08
625;43;21.78;7;152.46
625;63;5.6;7;39.2
626;15;8.83;6;52.98
626;61;1.04;7;7.28
626;77;2.9;3;8.7
627;19;99.5;9;895.5
627;36;45.23;5;226.15
627;46;27.06;6;162.36
628;26;92.91;9;836.19
628;51;51.46;7;360.22
628;68;3.74;5;18.7
629;19;43.16;9;388.44
629;22;90.72;3;272.16
629;51;69.27;5;346.35
630;69;3.67;8;29.36
630;75;2.85;6;17.1
630;79;2.7;7;18.9
631;5;9.16;5;45.8
631;37;42.02;8;336.16
631;46;19.48;8;155.84
632;16;76.95;5;384.75
632;18;88.29;8;706.32
632;40;36.47;4;145.88
633;8;9.98;2;19.96
633;19;56.94;4;227.76
633;39;74.81;1;74.81
634;4;6.77;4;27.08
634;53;84.01;2;168.02
634;71;1.93;5;9.65
635;3;103.59;6;621.54
635;31;61.35;9;552.15
635;58;70.24;9;632.16
636;19;90.02;8;720.16
636;58;71.28;4;285.12
636;69;5.24;5;26.2
637;25;101.57;5;507.85
637;52;70.63;1;70.63
637;75;4.62;1;4.62
638;24;121.23;3;363.69
638;35;42.82;5;214.1
638;38;71.77;8;574.16
639;12;6.13;1;6.13
639;50;21.94;8;175.52
639;86;5.23;6;31.38
640;22;36.83;2;73.66
640;38;69.16;8;553.28
640;80;5.03;7;35.21
641;40;44.97;2;89.94
641;44;24.48;4;97.92
641;60;2.92;2;5.84
642;33;60.18;6;361.08
642;63;1.71;2;3.42
642;87;3.31;6;19.86
643;27;174.95;2;349.9
643;81;2.3;6;13.8
643;82;2.51;2;5.02
644;12;9.46;7;66.22
644;81;4.32;2;8.64
644;89;3.12;9;28.08
645;44;21.54;4;86.16
645;55;57.58;1;57.58
645;65;1.44;9;12.96
646;34;39.16;6;234.96
646;60;4.73;8;37.84
646;86;2.62;4;10.48
647;40;68.18;2;136.36
647;56;63.14;6;378.84
647;82;1.75;8;14.0
648;44;25.38;3;76.14
648;64;3.85;7;26.95
648;70;2.47;3;7.41
649;17;96.1;9;864.9
649;38;31.07;4;124.28
649;67;3.43;8;27.44
650;16;95.21;8;761.68
650;24;153.75;2;307.5
650;65;2.85;5;14.25
651;23;137.71;9;1239.39
651;28;71.51;9;643.59
651;43;18.06;6;108.36
652;22;77.44;7;542.08
652;36;61.42;8;491.36
652;77;2.69;7;18.83
653;24;96.98;5;484.9
653;33;41.16;5;205.8
653;34;60.81;6;364.86
654;43;15.32;1;15.32
654;59;4.32;3;12.96
654;79;4.47;5;22.35
655;6;7.8;7;54.6
655;14;7.17;1;7.17
655;60;4.91;2;9.82
656;14;6.25;7;43.75
656;48;18.26;3;54.78
656;50;25.48;6;152.88
657;14;6.11;8;48.88
657;56;79.4;1;79.4
657;85;4.27;3;12.81
658;15;6.91;4;27.64
658;56;79.67;2;159.34
658;60;2.63;4;10.52
659;9;8.98;7;62.86
659;74;5.09;1;5.09
659;85;5.08;4;20.32
660;1;141.45;2;282.9
660;23;139.07;9;1251.63
660;28;35.59;2;71.18
661;51;50.74;8;405.92
661;60;5.51;1;5.51
661;88;3.83;6;22.98
662;51;44.37;3;133.11
662;69;2.27;6;13.62
662;81;3.42;9;30.78
663;15;6.39;1;6.39
663;23;139.42;2;278.84
663;51;53.83;8;430.64
664;19;90.28;8;722.24
664;27;93.14;9;838.26
664;37;66.89;9;602.01
665;41;75.21;8;601.68
665;53;62.33;1;62.33
665;55;32.24;1;32.24
666;14;6.79;8;54.32
666;71;5.92;2;11.84
666;73;4.82;7;33.74
667;1;127.51;1;127.51
667;9;9.96;9;89.64
667;62;1.51;6;9.06
668;53;42.02;2;84.04
668;60;1.91;9;17.19
668;74;1.67;7;11.69
669;23;106.93;5;534.65
669;50;16.74;8;133.92
669;90;4.49;7;31.43
670;1;121.37;7;849.59
670;64;2.95;5;14.75
670;65;2.21;5;11.05
671;53;72.56;8;580.48
671;61;5.16;3;15.48
671;75;3.61;8;28.88
672;32;64.37;2;128.74
672;67;4.73;5;23.65
672;84;4.16;3;12.48
673;4;7.95;6;47.7
673;78;5.72;5;28.6
673;88;5.76;5;28.8
674;40;41.95;1;41.95
674;45;20.81;1;20.81
674;82;3.45;7;24.15
675;53;35.89;3;107.67
675;59;3.41;9;30.69
675;78;4.4;4;17.6
676;27;101.11;6;606.66
676;56;47.12;7;329.84
676;77;4.32;2;8.64
677;33;43.23;3;129.69
677;42;53.96;3;161.88
677;88;3.71;2;7.42
678;13;8.62;3;25.86
678;44;16.53;2;33.06
678;60;5.46;2;10.92
679;44;24.81;4;99.24
679;53;56.35;6;338.1
679;54;39.53;8;316.24
680;1;116.29;7;814.03
680;80;5.14;9;46.26
680;86;3.3;4;13.2
681;5;7.35;4;29.4
681;37;52.25;6;313.5
681;39;32.26;1;32.26
682;7;7.1;3;21.3
682;12;9.93;9;89.37
682;50;25.36;5;126.8
683;8;8.5;4;34.0
683;31;70.78;5;353.9
683;74;2.66;6;15.96
684;16;74.62;3;223.86
684;44;26.6;3;79.8
684;76;5.02;1;5.02
685;40;69.96;1;69.96
685;52;77.92;8;623.36
685;88;5.41;9;48.69
686;22;87.53;9;787.77
686;31;65.62;5;328.1
686;74;2.3;2;4.6
687;4;7.67;9;69.03
687;21;72.51;7;507.57
687;61;4.68;6;28.08
688;25;110.04;9;990.36
688;45;20.0;7;140.0
688;80;2.81;3;8.43
689;6;9.83;1;9.83
689;45;23.57;4;94.28
689;52;83.57;3;250.71
690;13;8.06;6;48.36
690;40;65.39;1;65.39
690;87;5.83;5;29.15
691;7;8.17;3;24.51
691;30;41.83;7;292.81
691;89;2.17;2;4.34
692;47;24.68;7;172.76
692;53;45.49;4;181.96
692;76;3.43;5;17.15
693;14;8.94;7;62.58
693;55;66.6;8;532.8
693;80;3.17;9;28.53
694;21;41.76;5;208.8
694;64;2.1;7;14.7
694;69;5.77;3;17.31
695;3;109.83;1;109.83
695;61;4.33;1;4.33
695;79;2.91;2;5.82
696;2;110.57;1;110.57
696;4;8.3;3;24.9
696;17;73.98;5;369.9
697;14;7.09;1;7.09
697;42;36.75;9;330.75
697;89;5.86;1;5.86
698;13;6.2;3;18.6
698;47;20.96;5;104.8
698;91;3.08;3;9.24
699;34;47.26;2;94.52
699;59;2.9;9;26.1
699;86;3.02;7;21.14
700;33;34.4;9;309.6
700;50;16.16;7;113.12
700;52;72.24;4;288.96
701;25;133.37;3;400.11
701;38;33.28;4;133.12
701;69;4.38;2;8.76
702;16;90.71;7;634.97
702;20;83.58;8;668.64
702;32;53.61;5;268.05
703;8;7.0;7;49.0
703;13;7.58;4;30.32
703;64;3.69;8;29.52
704;64;2.27;8;18.16
704;68;2.73;1;2.73
704;86;1.51;9;13.59
705;18;75.83;6;454.98
705;23;118.6;5;593.0
705;61;3.17;4;12.68
706;21;63.8;3;191.4
706;45;15.5;1;15.5
706;66;3.59;9;32.31
707;40;73.32;1;73.32
707;43;16.83;5;84.15
707;49;19.85;1;19.85
708;9;7.68;7;53.76
708;20;67.25;9;605.25
708;46;17.39;4;69.56
709;46;17.63;4;70.52
709;62;5.04;9;45.36
709;66;3.12;4;12.48
710;48;27.82;9;250.38
710;74;1.89;2;3.78
710;76;5.89;1;5.89
711;46;29.45;1;29.45
711;52;40.01;2;80.02
711;90;1.3;4;5.2
712;21;88.25;9;794.25
712;22;89.04;1;89.04
712;48;22.99;6;137.94
713;33;49.05;9;441.45
713;35;75.74;5;378.7
713;80;4.48;4;17.92
714;17;89.48;7;626.36
714;70;1.24;9;11.16
714;75;1.81;7;12.67
715;15;9.1;6;54.6
715;34;40.3;3;120.9
715;82;4.04;8;32.32
716;32;52.86;8;422.88
716;59;4.09;4;16.36
716;89;3.17;2;6.34
717;11;8.01;9;72.09
717;39;50.74;8;405.92
717;75;4.96;6;29.76
718;12;9.86;9;88.74
718;21;92.38;6;554.28
718;69;4.71;7;32.97
719;41;69.35;2;138.7
719;51;40.3;4;161.2
719;61;5.42;9;48.78
720;1;120.28;7;841.96
720;56;72.5;1;72.5
720;68;1.68;6;10.08
721;2;108.38;8;867.04
721;50;15.48;8;123.84
721;83;4.75;4;19.0
722;17;94.8;5;474.0
722;55;48.38;4;193.52
722;66;2.47;7;17.29
723;26;162.08;6;972.48
723;30;41.23;3;123.69
723;39;46.23;5;231.15
724;34;48.33;7;338.31
724;65;5.99;9;53.91
724;89;5.74;9;51.66
725;45;20.59;3;61.77
725;71;3.58;2;7.16
725;85;4.83;8;38.64
726;21;52.6;2;105.2
726;77;2.7;5;13.5
726;90;3.99;8;31.92
727;24;167.4;5;837.0
727;52;57.4;1;57.4
727;56;52.9;6;317.4
728;25;110.43;2;220.86
728;69;1.27;5;6.35
728;91;1.25;8;10.0
729;15;8.06;5;40.3
729;17;76.17;1;76.17
729;60;2.69;5;13.45
730;18;85.19;1;85.19
730;27;139.78;3;419.34
730;66;4.17;7;29.19
731;11;9.66;7;67.62
731;63;4.67;7;32.69
731;90;5.31;9;47.79
732;12;8.77;9;78.93
732;82;5.12;6;30.72
732;91;2.4;3;7.2
733;1;133.29;7;933.03
733;50;29.29;7;205.03
733;67;5.47;8;43.76
734;9;8.88;7;62.16
734;65;4.9;4;19.6
734;79;1.29;8;10.32
735;17;75.9;4;303.6
735;63;2.42;4;9.68
735;88;5.05;8;40.4
736;18;71.5;6;429.0
736;24;143.03;2;286.06
736;33;49.29;4;197.16
737;12;9.32;1;9.32
737;52;37.21;7;260.47
737;85;4.92;9;44.28
738;3;104.98;1;104.98
738;61;5.29;3;15.87
738;71;2.66;6;15.96
739;1;115.75;1;115.75
739;40;70.99;4;283.96
739;55;39.23;7;274.61
740;23;144.0;7;1008.0
740;25;95.13;2;190.26
740;91;3.2;9;28.8
741;28;66.94;6;401.64
741;64;1.29;3;3.87
741;73;1.65;1;1.65
742;8;8.55;3;25.65
742;25;147.66;3;442.98
742;57;62.89;2;125.78
743;13;9.78;9;88.02
743;52;68.7;3;206.1
743;71;1.31;6;7.86
744;2;118.87;6;713.22
744;28;64.13;4;256.52
744;44;23.2;7;162.4
745;19;64.99;4;259.96
745;29;73.42;5;367.1
745;81;4.15;2;8.3
746;12;7.7;8;61.6
746;74;4.24;4;16.96
746;77;5.48;1;5.48
747;60;3.08;6;18.48
747;77;3.66;6;21.96
747;87;4.59;7;32.13
748;11;7.12;1;7.12
748;22;61.38;2;122.76
748;57;41.26;3;123.78
749;39;55.09;8;440.72
749;63;2.17;7;15.19
749;73;2.72;4;10.88
750;65;3.67;7;25.69
750;78;1.15;1;1.15
750;88;4.92;9;44.28
751;16;74.6;2;149.2
751;73;2.23;1;2.23
751;90;2.99;9;26.91
752;5;9.96;5;49.8
752;35;35.66;1;35.66
752;68;3.23;7;22.61
753;7;7.87;5;39.35
753;32;49.98;9;449.82
753;47;26.72;7;187.04
754;12;9.63;3;28.89
754;54;41.12;9;370.08
754;70;2.39;9;21.51
755;59;1.73;5;8.65
755;67;2.74;7;19.18
755;88;1.16;1;1.16
756;7;9.65;5;48.25
756;39;75.7;1;75.7
756;87;1.53;3;4.59
757;70;3.51;2;7.02
757;81;2.86;5;14.3
757;89;1.44;1;1.44
758;25;94.0;1;94.0
758;30;55.08;9;495.72
758;33;41.32;9;371.88
759;51;64.76;6;388.56
759;80;2.81;9;25.29
759;87;2.74;8;21.92
760;42;64.6;5;323.0
760;47;27.57;1;27.57
760;53;40.01;5;200.05
761;37;65.73;3;197.19
761;77;4.87;3;14.61
761;84;2.02;2;4.04
762;46;26.73;8;213.84
762;65;3.22;4;12.88
762;90;1.18;1;1.18
763;10;7.15;5;35.75
763;78;2.24;5;11.2
763;79;3.19;4;12.76
764;48;22.79;8;182.32
764;66;3.74;5;18.7
764;75;3.87;4;15.48
765;24;119.92;7;839.44
765;26;152.94;2;305.88
765;42;36.28;8;290.24
766;13;7.12;9;64.08
766;78;4.61;1;4.61
766;91;4.53;8;36.24
767;31;48.39;4;193.56
767;44;29.31;3;87.93
767;74;5.14;3;15.42
768;19;49.85;4;199.4
768;50;16.39;9;147.51
768;60;4.81;5;24.05
769;62;5.46;5;27.3
769;66;1.79;1;1.79
769;82;4.07;1;4.07
770;7;6.6;8;52.8
770;51;83.22;4;332.88
770;52;70.43;4;281.72
771;3;111.77;5;558.85
771;25;144.36;1;144.36
771;78;1.77;8;14.16
772;13;9.15;9;82.35
772;71;1.98;8;15.84
772;91;1.86;2;3.72
773;8;6.57;7;45.99
773;20;63.03;7;441.21
773;91;5.69;8;45.52
774;4;9.47;3;28.41
774;56;58.96;3;176.88
774;75;3.0;9;27.0
775;30;56.7;6;340.2
775;34;72.81;4;291.24
775;43;27.12;4;108.48
776;37;41.93;3;125.79
776;41;69.52;6;417.12
776;86;4.13;3;12.39
777;15;8.17;8;65.36
777;56;73.8;6;442.8
777;87;5.38;1;5.38
778;7;7.91;4;31.64
778;14;8.61;3;25.83
778;38;43.75;8;350.0
779;1;148.56;8;1188.48
779;48;23.68;5;118.4
779;50;21.26;8;170.08
780;49;17.93;7;125.51
780;50;28.59;3;85.77
780;80;1.05;2;2.1
781;23;156.54;4;626.16
781;44;28.68;8;229.44
781;88;3.2;6;19.2
782;51;80.53;8;644.24
782;52;43.51;1;43.51
782;57;71.42;1;71.42
783;31;39.68;2;79.36
783;64;4.74;5;23.7
783;85;3.22;2;6.44
784;7;6.11;2;12.22
784;64;3.38;2;6.76
784;75;3.18;6;19.08
785;73;3.02;8;24.16
785;74;3.06;7;21.42
785;76;2.86;8;22.88
786;28;74.25;3;222.75
786;41;52.33;5;261.65
786;71;3.3;3;9.9
787;5;6.89;6;41.34
787;45;26.11;5;130.55
787;67;4.82;4;19.28
788;63;1.02;8;8.16
788;69;1.27;7;8.89
788;87;2.61;8;20.88
789;28;40.24;4;160.96
789;54;57.2;6;343.2
789;73;1.09;9;9.81
790;1;123.92;6;743.52
790;31;35.59;1;35.59
790;45;19.67;3;59.01
791;29;42.5;6;255.0
791;36;65.35;5;326.75
791;76;4.95;4;19.8
792;22;76.07;4;304.28
792;86;1.36;1;1.36
792;87;1.95;8;15.6
793;4;7.34;6;44.04
793;15;6.43;2;12.86
793;71;4.55;4;18.2
794;19;73.89;5;369.45
794;35;38.57;2;77.14
794;90;3.11;1;3.11
795;1;117.22;3;351.66
795;58;42.73;5;213.65
795;80;5.55;1;5.55
796;53;32.55;9;292.95
796;64;3.86;1;3.86
796;73;2.17;2;4.34
797;14;6.67;8;53.36
797;19;53.34;6;320.04
797;64;4.61;3;13.83
798;46;29.78;1;29.78
798;68;3.41;9;30.69
798;74;2.3;8;18.4
799;41;44.21;3;132.63
799;42;57.92;4;231.68
799;68;2.96;2;5.92
800;1;138.49;9;1246.41
800;3;108.61;8;868.88
800;43;29.91;5;149.55
801;20;74.11;5;370.55
801;71;2.08;1;2.08
801;84;1.76;5;8.8
802;15;6.87;4;27.48
802;29;44.75;1;44.75
802;66;2.38;8;19.04
803;41;67.7;3;203.1
803;51;46.41;8;371.28
803;54;49.63;8;397.04
804;2;105.94;1;105.94
804;14;9.7;1;9.7
804;36;38.83;3;116.49
805;5;9.76;3;29.28
805;68;2.8;6;16.8
805;76;2.84;2;5.68
806;14;6.7;7;46.9
806;16;88.72;6;532.32
806;52;38.79;6;232.74
807;13;7.75;3;23.25
807;34;66.87;1;66.87
807;73;1.63;3;4.89
808;28;62.28;5;311.4
808;30;65.01;7;455.07
808;91;2.96;4;11.84
809;34;43.12;7;301.84
809;57;47.12;1;47.12
809;65;4.97;2;9.94
810;46;16.33;9;146.97
810;70;4.76;1;4.76
810;83;4.98;4;19.92
811;26;158.58;8;1268.64
811;35;50.18;7;351.26
811;53;38.47;8;307.76
812;28;74.04;1;74.04
812;50;26.25;9;236.25
812;67;5.93;3;17.79
813;21;87.24;5;436.2
813;72;4.18;2;8.36
813;87;3.74;3;11.22
814;1;117.75;3;353.25
814;19;68.98;1;68.98
814;78;4.35;3;13.05
815;13;6.26;3;18.78
815;15;8.95;8;71.6
815;77;5.86;3;17.58
816;28;61.56;6;369.36
816;54;66.95;8;535.6
816;69;4.77;7;33.39
817;44;27.63;4;110.52
817;47;24.22;9;217.98
817;81;1.14;8;9.12
818;6;9.13;7;63.91
818;8;7.59;4;30.36
818;14;6.73;5;33.65
819;13;8.96;4;35.84
819;32;57.11;7;399.77
819;41;50.54;5;252.7
820;3;117.28;9;1055.52
820;45;27.68;6;166.08
820;64;2.64;8;21.12
821;30;50.21;8;401.68
821;33;37.31;1;37.31
821;50;18.98;9;170.82
822;52;79.7;5;398.5
822;60;3.25;3;9.75
822;79;3.33;8;26.64
823;19;87.75;3;263.25
823;21;62.57;3;187.71
823;37;51.51;3;154.53
824;37;61.67;8;493.36
824;77;5.71;3;17.13
824;91;2.14;8;17.12
825;20;97.62;9;878.58
825;25;175.71;4;702.84
825;81;1.27;5;6.35
826;8;9.08;5;45.4
826;31;65.64;5;328.2
826;59;3.67;4;14.68
827;15;7.83;3;23.49
827;28;53.0;7;371.0
827;59;1.21;2;2.42
828;2;109.35;5;546.75
828;46;22.73;9;204.57
828;51;33.89;3;101.67
829;6;7.02;7;49.14
829;7;7.8;2;15.6
829;23;139.21;4;556.84
830;29;72.88;9;655.92
830;42;41.0;5;205.0
830;87;3.37;4;13.48
831;31;54.69;9;492.21
831;40;38.21;6;229.26
831;66;3.66;2;7.32
832;31;61.83;8;494.64
832;61;5.26;9;47.34
832;86;1.28;9;11.52
833;22;93.98;4;375.92
833;32;73.78;7;516.46
833;62;1.53;2;3.06
834;30;32.28;2;64.56
834;52;35.72;3;107.16
834;75;2.78;7;19.46
835;16;85.22;5;426.1
835;61;4.58;4;18.32
835;74;5.71;3;17.13
836;51;59.12;6;354.72
836;62;4.48;4;17.92
836;68;1.48;5;7.4
837;13;7.64;7;53.48
837;65;1.61;9;14.49
837;68;1.17;7;8.19
838;40;33.75;6;202.5
838;72;3.04;6;18.24
838;80;1.46;3;4.38
839;17;69.85;6;419.1
839;28;32.96;7;230.72
839;73;3.15;8;25.2
840;1;129.72;5;648.6
840;12;7.61;3;22.83
840;25;169.78;1;169.78
841;23;93.27;2;186.54
841;27;162.99;7;1140.93
841;75;3.28;1;3.28
842;25;108.07;4;432.28
842;27;163.37;9;1470.33
842;51;62.36;4;249.44
843;5;7.85;1;7.85
843;41;66.79;2;133.58
843;65;2.27;3;6.81
844;33;59.24;5;296.2
844;45;24.55;6;147.3
844;76;5.77;7;40.39
845;41;41.67;6;250.02
845;44;29.09;4;116.36
845;69;2.99;6;17.94
846;8;7.47;8;59.76
846;15;6.31;5;31.55
846;69;4.26;8;34.08
847;29;49.37;1;49.37
847;66;3.76;1;3.76
847;85;4.99;9;44.91
848;7;6.71;5;33.55
848;30;50.39;4;201.56
848;74;5.88;4;23.52
849;6;9.12;4;36.48
849;67;3.4;5;17.0
849;83;3.72;8;29.76
850;24;179.81;9;1618.29
850;25;141.56;3;424.68
850;85;2.78;8;22.24
851;39;51.74;6;310.44
851;46;18.88;7;132.16
851;63;4.73;9;42.57
852;1;149.27;1;149.27
852;65;5.8;1;5.8
852;89;1.69;4;6.76
853;21;97.7;6;586.2
853;60;2.1;3;6.3
853;70;4.12;8;32.96
854;68;3.76;3;11.28
854;73;5.71;6;34.26
854;75;1.82;5;9.1
855;5;8.88;2;17.76
855;26;120.82;9;1087.38
855;78;5.51;1;5.51
856;39;72.75;2;145.5
856;57;38.42;6;230.52
856;71;1.57;3;4.71
857;26;137.51;4;550.04
857;75;5.73;5;28.65
857;85;3.47;6;20.82
858;62;5.03;7;35.21
858;72;1.53;6;9.18
858;87;3.28;5;16.4
859;38;48.61;6;291.66
859;54;58.52;1;58.52
859;88;3.9;2;7.8
860;23;96.7;9;870.3
860;59;2.14;6;12.84
860;83;1.21;7;8.47
861;62;4.13;1;4.13
861;77;3.49;2;6.98
861;86;4.51;6;27.06
862;18;70.66;1;70.66
862;57;59.51;4;238.04
862;70;1.29;7;9.03
863;43;20.79;6;124.74
863;44;27.0;9;243.0
863;62;2.1;1;2.1
864;7;8.79;9;79.11
864;11;8.91;6;53.46
864;45;24.21;6;145.26
865;20;36.41;2;72.82
865;43;25.19;9;226.71
865;80;2.03;4;8.12
866;44;22.21;6;133.26
866;66;5.23;6;31.38
866;74;3.5;6;21.0
867;9;9.97;3;29.91
867;34;32.53;5;162.65
867;71;4.15;1;4.15
868;6;8.8;6;52.8
868;30;61.27;7;428.89
868;37;41.02;7;287.14
869;38;75.93;9;683.37
869;59;3.99;5;19.95
869;60;1.63;9;14.67
870;3;99.96;1;99.96
870;70;5.92;4;23.68
870;78;4.71;4;18.84
871;10;9.62;7;67.34
871;70;1.12;2;2.24
871;76;5.2;2;10.4
872;12;6.17;3;18.51
872;16;97.6;7;683.2
872;75;4.12;6;24.72
873;28;62.75;7;439.25
873;39;36.79;5;183.95
873;85;5.04;6;30.24
874;23;159.26;2;318.52
874;42;45.7;6;274.2
874;77;5.02;2;10.04
875;34;49.17;4;196.68
875;45;27.68;8;221.44
875;55;61.53;3;184.59
876;33;33.58;6;201.48
876;66;4.09;1;4.09
876;74;3.41;4;13.64
877;4;6.72;4;26.88
877;46;21.34;7;149.38
877;80;5.84;1;5.84
878;19;52.19;2;104.38
878;73;4.65;3;13.95
878;79;1.61;7;11.27
879;2;101.27;5;506.35
879;30;45.07;9;405.63
879;83;2.37;1;2.37
880;42;56.2;4;224.8
880;85;4.03;2;8.06
880;86;3.85;7;26.95
881;6;9.84;8;78.72
881;74;5.8;9;52.2
881;85;1.68;5;8.4
882;31;65.8;8;526.4
882;40;35.27;2;70.54
882;89;2.13;5;10.65
883;23;141.47;1;141.47
883;60;4.47;4;17.88
883;75;2.15;3;6.45
884;63;5.91;1;5.91
884;78;5.98;8;47.84
884;85;5.18;3;15.54
885;8;8.12;3;24.36
885;22;95.5;9;859.5
885;69;3.52;5;17.6
886;44;25.25;6;151.5
886;48;25.99;2;51.98
886;55;40.32;4;161.28
887;39;54.67;2;109.34
887;43;25.03;3;75.09
887;84;5.36;6;32.16
888;48;25.06;9;225.54
888;56;70.43;9;633.87
888;84;3.33;7;23.31
889;12;9.8;4;39.2
889;50;15.16;9;136.44
889;61;5.3;1;5.3
890;22;70.68;2;141.36
890;47;26.64;7;186.48
890;54;44.01;4;176.04
891;15;9.6;6;57.6
891;71;3.73;8;29.84
891;73;1.45;5;7.25
892;21;70.99;3;212.97
892;22;87.69;9;789.21
892;43;29.92;2;59.84
893;9;9.57;6;57.42
893;37;38.63;7;270.41
893;72;2.97;2;5.94
894;8;7.48;2;14.96
894;21;87.52;6;525.12
894;88;3.67;9;33.03
895;34;34.51;8;276.08
895;46;23.27;5;116.35
895;71;3.98;3;11.94
896;11;8.71;2;17.42
896;69;1.05;9;9.45
896;89;4.3;6;25.8
897;54;38.21;4;152.84
897;59;4.77;6;28.62
897;70;2.55;2;5.1
898;8;8.01;1;8.01
898;38;51.92;8;415.36
898;53;65.98;2;131.96
899;18;85.75;9;771.75
899;27;107.99;3;323.97
899;41;49.66;2;99.32
900;27;175.65;6;1053.9
900;28;50.35;7;352.45
900;29;51.61;5;258.05
901;23;122.74;3;368.22
901;63;1.67;8;13.36
901;78;3.43;1;3.43
902;29;66.91;9;602.19
902;69;1.73;6;10.38
902;71;1.2;4;4.8
903;20;63.3;5;316.5
903;31;43.0;8;344.0
903;40;70.91;1;70.91
904;2;115.3;6;691.8
904;46;24.13;4;96.52
904;70;2.86;5;14.3
905;22;62.92;5;314.6
905;28;70.25;9;632.25
905;85;2.24;2;4.48
906;50;24.1;4;96.4
906;56;42.39;7;296.73
906;76;4.01;9;36.09
907;3;105.29;4;421.16
907;12;6.55;4;26.2
907;43;28.01;2;56.02
908;9;7.21;6;43.26
908;21;83.29;5;416.45
908;26;126.58;1;126.58
909;35;57.91;5;289.55
909;66;1.22;6;7.32
909;70;4.08;6;24.48
910;4;7.9;4;31.6
910;18;70.43;1;70.43
910;82;2.81;5;14.05
911;15;7.91;1;7.91
911;41;63.76;1;63.76
911;68;5.97;6;35.82
912;43;28.39;5;141.95
912;51;57.9;8;463.2
912;54;61.42;2;122.84
913;28;36.71;1;36.71
913;52;69.59;4;278.36
913;58;85.7;3;257.1
914;41;60.66;7;424.62
914;47;25.18;6;151.08
914;80;4.7;7;32.9
915;52;57.51;9;517.59
915;60;5.58;8;44.64
915;90;4.96;5;24.8
916;21;47.41;5;237.05
916;52;63.05;2;126.1
916;79;1.8;7;12.6
917;24;144.05;1;144.05
917;67;5.82;9;52.38
917;85;2.12;2;4.24
918;20;82.11;4;328.44
918;45;25.59;3;76.77
918;68;3.58;2;7.16
919;10;9.19;9;82.71
919;23;136.38;5;681.9
919;40;41.67;1;41.67
920;51;41.48;6;248.88
920;53;80.84;4;323.36
920;77;1.51;9;13.59
921;18;96.73;4;386.92
921;19;38.78;6;232.68
921;79;2.85;2;5.7
922;3;110.81;4;443.24
922;66;3.42;4;13.68
922;69;2.05;2;4.1
923;34;41.45;8;331.6
923;50;25.06;2;50.12
923;72;1.73;9;15.57
924;14;6.18;6;37.08
924;22;39.11;4;156.44
924;29;39.76;1;39.76
925;42;71.83;8;574.64
925;47;25.18;8;201.44
925;85;2.92;4;11.68
926;4;9.48;3;28.44
926;20;45.45;9;409.05
926;43;29.54;8;236.32
927;26;141.13;8;1129.04
927;68;4.45;3;13.35
927;70;4.05;6;24.3
928;5;7.93;6;47.58
928;12;9.92;2;19.84
928;46;20.01;5;100.05
929;5;7.93;2;15.86
929;67;5.67;3;17.01
929;88;1.5;7;10.5
930;3;104.69;5;523.45
930;24;158.92;4;635.68
930;29;59.73;6;358.38
931;33;72.71;8;581.68
931;64;5.21;5;26.05
931;75;5.82;7;40.74
932;5;9.48;1;9.48
932;67;3.68;2;7.36
932;79;1.5;8;12.0
933;5;7.53;8;60.24
933;32;58.17;7;407.19
933;62;2.21;7;15.47
934;80;1.23;8;9.84
934;81;5.97;7;41.79
934;84;4.5;2;9.0
935;27;167.62;9;1508.58
935;37;37.83;5;189.15
935;50;19.76;4;79.04
936;5;8.56;1;8.56
936;59;4.82;5;24.1
936;78;4.49;6;26.94
937;8;6.27;2;12.54
937;13;6.1;3;18.3
937;28;70.7;9;636.3
938;13;7.42;1;7.42
938;32;56.12;6;336.72
938;79;2.07;9;18.63
939;17;95.33;4;381.32
939;22;78.85;7;551.95
939;61;1.31;4;5.24
940;8;7.63;8;61.04
940;39;54.32;4;217.28
940;83;3.7;8;29.6
941;35;39.63;2;79.26
941;36;61.49;4;245.96
941;45;19.21;5;96.05
942;23;166.66;1;166.66
942;28;69.94;3;209.82
942;30;47.62;1;47.62
943;12;8.2;9;73.8
943;22;97.11;6;582.66
943;41;40.6;2;81.2
944;19;55.02;1;55.02
944;33;69.66;4;278.64
944;80;3.47;6;20.82
945;14;8.26;5;41.3
945;29;56.36;3;169.08
945;81;3.72;2;7.44
946;7;6.06;5;30.3
946;36;48.96;5;244.8
946;80;1.42;6;8.52
947;8;8.35;5;41.75
947;31;44.39;6;266.34
947;32;66.4;5;332.0
948;11;6.69;3;20.07
948;84;2.42;7;16.94
948;89;3.81;2;7.62
949;13;8.75;7;61.25
949;73;3.85;1;3.85
949;79;5.39;7;37.73
950;8;8.43;7;59.01
950;22;47.01;3;141.03
950;74;5.02;1;5.02
951;19;73.75;1;73.75
951;72;2.75;1;2.75
951;88;4.39;8;35.12
952;23;100.16;3;300.48
952;43;28.7;8;229.6
952;57;70.34;7;492.38
953;3;111.21;4;444.84
953;19;83.82;3;251.46
953;25;151.57;6;909.42
954;4;8.49;8;67.92
954;35;62.72;2;125.44
954;61;1.8;4;7.2
955;3;117.25;5;586.25
955;46;22.37;4;89.48
955;73;4.34;8;34.72
956;52;41.8;5;209.0
956;61;2.73;3;8.19
956;78;4.92;6;29.52
957;13;9.52;1;9.52
957;15;9.68;3;29.04
957;30;68.69;2;137.38
958;5;8.74;1;8.74
958;32;37.16;5;185.8
958;58;42.42;7;296.94
959;21;40.45;6;242.7
959;38;72.3;4;289.2
959;79;2.58;9;23.22
960;26;159.43;5;797.15
960;40;56.8;7;397.6
960;82;4.13;8;33.04
961;25;173.67;7;1215.69
961;26;136.28;1;136.28
961;45;16.9;1;16.9
962;40;59.0;2;118.0
962;63;4.05;8;32.4
962;82;3.15;6;18.9
963;18;93.86;4;375.44
963;55;34.33;7;240.31
963;66;3.86;8;30.88
964;6;7.62;9;68.58
964;27;157.44;5;787.2
964;75;5.94;8;47.52
965;29;64.0;3;192.0
965;64;2.69;9;24.21
965;68;4.4;2;8.8
966;8;9.13;8;73.04
966;42;44.13;1;44.13
966;51;30.74;3;92.22
967;59;1.08;8;8.64
967;66;4.6;9;41.4
967;80;2.36;3;7.08
968;37;66.56;4;266.24
968;60;3.66;8;29.28
968;78;1.54;2;3.08
969;16;98.46;4;393.84
969;33;48.3;1;48.3
969;47;17.46;5;87.3
970;27;155.85;8;1246.8
970;28;45.75;6;274.5
970;58;47.5;5;237.5
971;3;117.07;7;819.49
971;26;172.93;4;691.72
971;70;5.86;9;52.74
972;47;25.89;6;155.34
972;61;3.82;4;15.28
972;76;4.82;2;9.64
973;13;8.84;1;8.84
973;40;69.69;5;348.45
973;51;51.91;2;103.82
974;23;178.11;3;534.33
974;38;34.35;9;309.15
974;41;68.13;1;68.13
975;8;7.6;3;22.8
975;13;7.68;8;61.44
975;35;73.45;1;73.45
976;18;89.25;4;357.0
976;46;15.0;4;60.0
976;72;5.19;5;25.95
977;72;2.45;8;19.6
977;75;3.53;7;24.71
977;89;1.0;6;6.0
978;13;6.97;8;55.76
978;22;96.32;9;866.88
978;39;41.43;5;207.15
979;10;9.01;4;36.04
979;24;179.46;9;1615.14
979;39;62.17;3;186.51
980;7;9.14;3;27.42
980;38;47.93;3;143.79
980;90;5.06;6;30.36
981;18;86.02;5;430.1
981;43;23.78;6;142.68
981;79;3.11;1;3.11
982;8;7.9;2;15.8
982;48;17.25;6;103.5
982;72;5.43;8;43.44
983;14;9.14;5;45.7
983;45;29.53;5;147.65
983;85;3.43;5;17.15
984;42;64.74;3;194.22
984;59;3.59;2;7.18
984;73;3.23;9;29.07
985;18;76.58;8;612.64
985;20;48.76;3;146.28
985;87;3.95;7;27.65
986;29;36.22;2;72.44
986;30;71.22;9;640.98
986;74;2.64;2;5.28
987;32;52.44;8;419.52
987;55;52.25;1;52.25
987;87;2.6;7;18.2
988;50;17.29;1;17.29
988;82;3.35;8;26.8
988;85;2.76;7;19.32
989;45;25.04;5;125.2
989;71;4.4;4;17.6
989;88;3.36;3;10.08
990;8;7.09;8;56.72
990;71;3.33;6;19.98
990;81;5.06;9;45.54
991;24;131.42;3;394.26
991;32;31.98;7;223.86
991;41;42.2;4;168.8
992;25;100.35;7;702.45
992;78;2.3;2;4.6
992;88;3.8;9;34.2
993;24;153.13;3;459.39
993;46;29.49;6;176.94
993;70;2.58;9;23.22
994;24;125.61;1;125.61
994;47;25.42;6;152.52
994;87;4.65;6;27.9
995;5;8.64;3;25.92
995;48;26.32;2;52.64
995;60;2.52;8;20.16
996;63;5.42;2;10.84
996;67;5.25;3;15.75
996;88;5.2;8;41.6
997;16;73.93;4;295.72
997;44;25.16;5;125.8
997;52;34.67;7;242.69
998;3;111.27;5;556.35
998;44;25.9;1;25.9
998;82;3.95;1;3.95
999;1;144.79;3;434.37
999;45;26.66;4;106.64
999;53;50.22;5;251.1
1000;9;7.8;3;23.4
1000;39;56.6;1;56.6
1000;49;28.08;9;252.72
